/*
MariaDB Backup
Database: ground
Backup Time: 2024-02-05 17:12:07
*/

SET FOREIGN_KEY_CHECKS=0;
DROP TABLE IF EXISTS `ground`.`accur`;
DROP TABLE IF EXISTS `ground`.`admin`;
DROP TABLE IF EXISTS `ground`.`chatbot`;
DROP TABLE IF EXISTS `ground`.`chatroom`;
DROP TABLE IF EXISTS `ground`.`follow`;
DROP TABLE IF EXISTS `ground`.`guestbooks`;
DROP TABLE IF EXISTS `ground`.`home`;
DROP TABLE IF EXISTS `ground`.`image`;
DROP TABLE IF EXISTS `ground`.`likes`;
DROP TABLE IF EXISTS `ground`.`member`;
DROP TABLE IF EXISTS `ground`.`message`;
DROP TABLE IF EXISTS `ground`.`myhomecount`;
DROP TABLE IF EXISTS `ground`.`post`;
DROP TABLE IF EXISTS `ground`.`post_like`;
DROP TABLE IF EXISTS `ground`.`reply`;
DROP TABLE IF EXISTS `ground`.`tag`;
DROP TABLE IF EXISTS `ground`.`user`;
CREATE TABLE `accur` (
  `number` mediumint(255) NOT NULL AUTO_INCREMENT,
  `admin_id` mediumint(255) NOT NULL,
  `user_id` mediumint(255) NOT NULL,
  `post_id` mediumint(255) NOT NULL,
  `ac_type` varchar(255) NOT NULL,
  `cntent` varchar(255) NOT NULL,
  `createDate` timestamp NOT NULL,
  `updateDate` timestamp NOT NULL,
  PRIMARY KEY (`number`),
  KEY `FK_ADMIN_TO_ACCUR_1` (`admin_id`) USING BTREE,
  KEY `FK_MEMBER_TO_ACCUR_1` (`user_id`) USING BTREE,
  KEY `FK_POST_TO_ACCUR_1` (`post_id`) USING BTREE,
  CONSTRAINT `FK_ADMIN_TO_ACCUR_1` FOREIGN KEY (`admin_id`) REFERENCES `admin` (`admin_id`),
  CONSTRAINT `FK_MEMBER_TO_ACCUR_1` FOREIGN KEY (`user_id`) REFERENCES `member` (`user_id`),
  CONSTRAINT `FK_POST_TO_ACCUR_1` FOREIGN KEY (`post_id`) REFERENCES `post` (`post_id`)
) ENGINE=InnoDB AUTO_INCREMENT=7 DEFAULT CHARSET=utf8mb4 COLLATE=utf8mb4_unicode_ci;
CREATE TABLE `admin` (
  `admin_id` mediumint(9) NOT NULL AUTO_INCREMENT,
  `admin_account` varchar(12) NOT NULL,
  `ad_pw` varchar(100) NOT NULL,
  `ad_nickname` varchar(20) NOT NULL,
  `createDate` timestamp NOT NULL,
  `updateDate` timestamp NOT NULL,
  PRIMARY KEY (`admin_id`)
) ENGINE=InnoDB AUTO_INCREMENT=4 DEFAULT CHARSET=utf8mb4 COLLATE=utf8mb4_unicode_ci;
CREATE TABLE `chatbot` (
  `id` int(11) NOT NULL AUTO_INCREMENT,
  `intent` varchar(255) NOT NULL,
  `ner` varchar(255) DEFAULT NULL,
  `query` varchar(255) DEFAULT NULL,
  `answer` varchar(255) NOT NULL,
  PRIMARY KEY (`id`)
) ENGINE=InnoDB DEFAULT CHARSET=utf8mb4 COLLATE=utf8mb4_unicode_ci;
CREATE TABLE `chatroom` (
  `chr_id` mediumint(9) NOT NULL AUTO_INCREMENT,
  `pt_name` varchar(255) NOT NULL,
  `user_id` mediumint(9) NOT NULL,
  `last_message` text DEFAULT NULL,
  `createDate` timestamp NOT NULL,
  `updateDate` timestamp NOT NULL,
  PRIMARY KEY (`chr_id`),
  KEY `FK_MEMBER_TO_CHATRROM` (`user_id`),
  CONSTRAINT `FK_MEMBER_TO_CHATRROM` FOREIGN KEY (`user_id`) REFERENCES `member` (`user_id`)
) ENGINE=InnoDB DEFAULT CHARSET=utf8mb4 COLLATE=utf8mb4_unicode_ci;
CREATE TABLE `follow` (
  `follow_id` mediumint(9) NOT NULL AUTO_INCREMENT,
  `user_id` mediumint(9) NOT NULL,
  `f_user_id` mediumint(9) NOT NULL,
  `createDate` timestamp NOT NULL,
  `updateDate` timestamp NOT NULL,
  `id` int(11) NOT NULL,
  `fromUser` int(11) DEFAULT NULL,
  `toUser` int(11) DEFAULT NULL,
  PRIMARY KEY (`follow_id`) USING BTREE,
  KEY `FK_MEMBER_TO_FOLLOW_1` (`user_id`),
  KEY `FK_MEMBER_TO_FOLLOW_2` (`f_user_id`),
  KEY `FKd9q2ro2a5af2lf0poqwuw0aw7` (`fromUser`),
  KEY `FKlc9sw2ckkpg0gsye59ljbwv1d` (`toUser`),
  CONSTRAINT `FK_MEMBER_TO_FOLLOW_1` FOREIGN KEY (`user_id`) REFERENCES `member` (`user_id`) ON DELETE CASCADE ON UPDATE CASCADE,
  CONSTRAINT `FK_MEMBER_TO_FOLLOW_2` FOREIGN KEY (`f_user_id`) REFERENCES `member` (`user_id`) ON DELETE CASCADE ON UPDATE CASCADE,
  CONSTRAINT `FKd9q2ro2a5af2lf0poqwuw0aw7` FOREIGN KEY (`fromUser`) REFERENCES `user` (`id`),
  CONSTRAINT `FKlc9sw2ckkpg0gsye59ljbwv1d` FOREIGN KEY (`toUser`) REFERENCES `user` (`id`)
) ENGINE=InnoDB AUTO_INCREMENT=4 DEFAULT CHARSET=utf8mb4 COLLATE=utf8mb4_unicode_ci;
CREATE TABLE `guestbooks` (
  `guestBook_id` mediumint(9) NOT NULL AUTO_INCREMENT,
  `mh_id` mediumint(9) NOT NULL,
  `gb_num` mediumint(9) DEFAULT NULL,
  `guestBook` varchar(255) NOT NULL,
  `img_path` varchar(255) NOT NULL,
  `createDate` timestamp NOT NULL,
  `updateDate` timestamp NOT NULL,
  PRIMARY KEY (`guestBook_id`),
  KEY `FK_HOME_TO_GUESTBOOKS_1` (`mh_id`),
  CONSTRAINT `FK_HOME_TO_GUESTBOOKS_1` FOREIGN KEY (`mh_id`) REFERENCES `home` (`mh_id`)
) ENGINE=InnoDB DEFAULT CHARSET=utf8mb4 COLLATE=utf8mb4_unicode_ci;
CREATE TABLE `home` (
  `mh_id` mediumint(9) NOT NULL AUTO_INCREMENT,
  `user_id` mediumint(9) NOT NULL,
  `introduce` varchar(255) DEFAULT NULL,
  `total` mediumint(9) NOT NULL,
  `today` mediumint(9) NOT NULL,
  `mh_url` varchar(255) DEFAULT NULL,
  `createDate` timestamp NOT NULL,
  `updateDate` timestamp NOT NULL,
  PRIMARY KEY (`mh_id`),
  KEY `FK_MEMBER_TO_HOME` (`user_id`),
  CONSTRAINT `FK_MEMBER_TO_HOME` FOREIGN KEY (`user_id`) REFERENCES `member` (`user_id`) ON DELETE CASCADE ON UPDATE CASCADE
) ENGINE=InnoDB AUTO_INCREMENT=52 DEFAULT CHARSET=utf8mb4 COLLATE=utf8mb4_unicode_ci;
CREATE TABLE `image` (
  `id` int(11) NOT NULL AUTO_INCREMENT,
  `adroidFilePath` varchar(255) DEFAULT NULL,
  `caption` varchar(255) DEFAULT NULL,
  `createDate` date DEFAULT NULL,
  `fileName` varchar(255) DEFAULT NULL,
  `filePath` varchar(255) DEFAULT NULL,
  `location` varchar(255) DEFAULT NULL,
  `mimeType` varchar(255) DEFAULT NULL,
  `updateDate` date DEFAULT NULL,
  `userId` int(11) DEFAULT NULL,
  `androidFilePath` varchar(255) DEFAULT NULL,
  PRIMARY KEY (`id`),
  KEY `FKgrmt25snbia9s3sxls7gn3tvl` (`userId`),
  CONSTRAINT `FKgrmt25snbia9s3sxls7gn3tvl` FOREIGN KEY (`userId`) REFERENCES `user` (`id`)
) ENGINE=InnoDB DEFAULT CHARSET=utf8mb4 COLLATE=utf8mb4_unicode_ci;
CREATE TABLE `likes` (
  `id` int(11) NOT NULL AUTO_INCREMENT,
  `createDate` date DEFAULT NULL,
  `updateDate` date DEFAULT NULL,
  `imageId` int(11) DEFAULT NULL,
  `userId` int(11) DEFAULT NULL,
  PRIMARY KEY (`id`),
  KEY `FKdrmcrl980hncyhnurju8nm5dy` (`imageId`),
  KEY `FK1f0ppyupbg6s2v5i9h74rglto` (`userId`),
  CONSTRAINT `FK1f0ppyupbg6s2v5i9h74rglto` FOREIGN KEY (`userId`) REFERENCES `user` (`id`),
  CONSTRAINT `FKdrmcrl980hncyhnurju8nm5dy` FOREIGN KEY (`imageId`) REFERENCES `image` (`id`)
) ENGINE=InnoDB DEFAULT CHARSET=utf8mb4 COLLATE=utf8mb4_unicode_ci;
CREATE TABLE `member` (
  `user_id` mediumint(9) NOT NULL AUTO_INCREMENT,
  `log_id` varchar(100) NOT NULL,
  `log_pw` varchar(255) NOT NULL,
  `user_name` varchar(255) NOT NULL,
  `user_gender` varchar(255) NOT NULL,
  `user_birth` varchar(255) NOT NULL,
  `img_path` varchar(255) DEFAULT NULL,
  `nickname` varchar(255) DEFAULT NULL,
  `text` varchar(255) DEFAULT NULL,
  `ac_num` int(3) DEFAULT 0,
  `createDate` timestamp NOT NULL,
  `updateDate` timestamp NOT NULL,
  PRIMARY KEY (`user_id`)
) ENGINE=InnoDB AUTO_INCREMENT=63 DEFAULT CHARSET=utf8mb4 COLLATE=utf8mb4_unicode_ci;
CREATE TABLE `message` (
  `message_id` mediumint(9) NOT NULL AUTO_INCREMENT,
  `user_id` mediumint(9) NOT NULL,
  `chr_id` mediumint(9) NOT NULL,
  `message` text DEFAULT NULL,
  `createDate` timestamp NOT NULL,
  PRIMARY KEY (`message_id`),
  KEY `FK_MEMBER_TO_MESSAGE_1` (`user_id`),
  KEY `FK_CHATROOM_TO_MESSAGE_1` (`chr_id`),
  CONSTRAINT `FK_CHATROOM_TO_MESSAGE_1` FOREIGN KEY (`chr_id`) REFERENCES `chatroom` (`chr_id`),
  CONSTRAINT `FK_MEMBER_TO_MESSAGE_1` FOREIGN KEY (`user_id`) REFERENCES `member` (`user_id`)
) ENGINE=InnoDB DEFAULT CHARSET=utf8mb4 COLLATE=utf8mb4_unicode_ci;
CREATE TABLE `myhomecount` (
  `mhc_id` mediumint(9) NOT NULL AUTO_INCREMENT,
  `user_id` mediumint(9) NOT NULL,
  `mh_id` mediumint(9) NOT NULL,
  `visit_date` timestamp NOT NULL,
  `createDate` timestamp NOT NULL,
  `updateDate` timestamp NOT NULL,
  PRIMARY KEY (`mhc_id`),
  KEY `FK_MEMBER_TO_MYHOMECOUNT_1` (`user_id`),
  KEY `FK_HOME_TO_MYHOMECOUNT_1` (`mh_id`),
  CONSTRAINT `FK_HOME_TO_MYHOMECOUNT_1` FOREIGN KEY (`mh_id`) REFERENCES `home` (`mh_id`),
  CONSTRAINT `FK_MEMBER_TO_MYHOMECOUNT_1` FOREIGN KEY (`user_id`) REFERENCES `member` (`user_id`)
) ENGINE=InnoDB AUTO_INCREMENT=57 DEFAULT CHARSET=utf8mb4 COLLATE=utf8mb4_unicode_ci;
CREATE TABLE `post` (
  `post_id` mediumint(9) NOT NULL AUTO_INCREMENT,
  `mh_id` mediumint(9) DEFAULT 1,
  `title` varchar(255) DEFAULT NULL,
  `cntent` varchar(255) DEFAULT NULL,
  `hash_tag` varchar(255) DEFAULT NULL,
  `url_path` varchar(255) DEFAULT '1',
  `img_path` varchar(255) DEFAULT NULL,
  `create_date` timestamp NULL DEFAULT '0000-00-00 00:00:00',
  `update_date` timestamp NULL DEFAULT '0000-00-00 00:00:00',
  PRIMARY KEY (`post_id`),
  KEY `FK_HOME_TO_POST_1` (`mh_id`),
  CONSTRAINT `FK_HOME_TO_POST_1` FOREIGN KEY (`mh_id`) REFERENCES `home` (`mh_id`)
) ENGINE=InnoDB AUTO_INCREMENT=149 DEFAULT CHARSET=utf8mb4 COLLATE=utf8mb4_unicode_ci;
CREATE TABLE `post_like` (
  `user_id` mediumint(9) NOT NULL,
  `post_id` mediumint(9) NOT NULL AUTO_INCREMENT,
  `liked` tinyint(1) DEFAULT NULL,
  KEY `FK_POST_TO_POST_LIKE_1` (`post_id`),
  KEY `FK_MEMBER_TO_POST_LIKE_1` (`user_id`),
  CONSTRAINT `FK_MEMBER_TO_POST_LIKE_1` FOREIGN KEY (`user_id`) REFERENCES `member` (`user_id`),
  CONSTRAINT `FK_POST_TO_POST_LIKE_1` FOREIGN KEY (`post_id`) REFERENCES `post` (`post_id`)
) ENGINE=InnoDB AUTO_INCREMENT=76 DEFAULT CHARSET=utf8mb4 COLLATE=utf8mb4_unicode_ci;
CREATE TABLE `reply` (
  `comment_id` mediumint(9) NOT NULL AUTO_INCREMENT,
  `user_id` mediumint(9) NOT NULL,
  `post_id` mediumint(9) NOT NULL,
  `cntent` varchar(255) DEFAULT NULL,
  `createDate` timestamp NOT NULL,
  `updateDate` timestamp NOT NULL,
  PRIMARY KEY (`comment_id`),
  KEY `FK_POST_TO_REPLY_1` (`post_id`),
  KEY `FK_MEMBER_TO_REPLY_1` (`user_id`),
  CONSTRAINT `FK_MEMBER_TO_REPLY_1` FOREIGN KEY (`user_id`) REFERENCES `member` (`user_id`),
  CONSTRAINT `FK_POST_TO_REPLY_1` FOREIGN KEY (`post_id`) REFERENCES `post` (`post_id`)
) ENGINE=InnoDB DEFAULT CHARSET=utf8mb4 COLLATE=utf8mb4_unicode_ci;
CREATE TABLE `tag` (
  `id` int(11) NOT NULL AUTO_INCREMENT,
  `createDate` date DEFAULT NULL,
  `name` varchar(255) DEFAULT NULL,
  `updateDate` date DEFAULT NULL,
  `imageId` int(11) DEFAULT NULL,
  `userId` int(11) DEFAULT NULL,
  PRIMARY KEY (`id`),
  KEY `FKcqjiqu0gppypnv7smao7tkjow` (`imageId`),
  KEY `FKejxmfgil0o7uw5em0x96tuun6` (`userId`),
  CONSTRAINT `FKcqjiqu0gppypnv7smao7tkjow` FOREIGN KEY (`imageId`) REFERENCES `image` (`id`),
  CONSTRAINT `FKejxmfgil0o7uw5em0x96tuun6` FOREIGN KEY (`userId`) REFERENCES `user` (`id`)
) ENGINE=InnoDB DEFAULT CHARSET=utf8mb4 COLLATE=utf8mb4_unicode_ci;
CREATE TABLE `user` (
  `id` int(11) NOT NULL AUTO_INCREMENT,
  `bio` varchar(255) DEFAULT NULL,
  `createDate` date DEFAULT NULL,
  `email` varchar(255) DEFAULT NULL,
  `gender` varchar(255) DEFAULT NULL,
  `name` varchar(255) DEFAULT NULL,
  `password` varchar(255) DEFAULT NULL,
  `phone` varchar(255) DEFAULT NULL,
  `updateDate` date DEFAULT NULL,
  `username` varchar(255) DEFAULT NULL,
  `website` varchar(255) DEFAULT NULL,
  PRIMARY KEY (`id`)
) ENGINE=InnoDB AUTO_INCREMENT=3 DEFAULT CHARSET=utf8mb4 COLLATE=utf8mb4_unicode_ci;
BEGIN;
LOCK TABLES `ground`.`accur` WRITE;
DELETE FROM `ground`.`accur`;
INSERT INTO `ground`.`accur` (`number`,`admin_id`,`user_id`,`post_id`,`ac_type`,`cntent`,`createDate`,`updateDate`) VALUES (1, 2, 1, 11, '욕설', '내용의 절반이 욕설이라 보기가 좀 그렇네요', '2024-01-22 23:39:33', '2024-01-22 23:39:33'),(2, 2, 2, 11, '사행성', '마음에 안들어서 신고함', '2024-01-23 23:39:40', '2024-01-24 11:58:53'),(3, 2, 3, 12, '욕설', '욕설신고합니다', '2024-01-31 01:47:51', '2024-02-01 01:47:58'),(4, 2, 4, 11, '욕설', '욕설신고', '2024-02-01 01:48:57', '2024-02-05 01:49:06'),(5, 2, 5, 15, '음란물', '음란물 게시글이에요', '2024-02-04 01:59:37', '2024-02-05 01:59:42'),(6, 2, 6, 16, '욕설', '욕설', '2024-02-05 02:01:05', '2024-02-05 02:01:07');
UNLOCK TABLES;
COMMIT;
BEGIN;
LOCK TABLES `ground`.`admin` WRITE;
DELETE FROM `ground`.`admin`;
INSERT INTO `ground`.`admin` (`admin_id`,`admin_account`,`ad_pw`,`ad_nickname`,`createDate`,`updateDate`) VALUES (1, 'wch97', '123456', 'jojang', '2024-01-24 19:18:50', '2024-01-24 19:18:56'),(2, 'jdj98', '654321', 'bujojang', '2024-01-24 19:19:30', '2024-01-24 19:19:32'),(3, 'cbh97', '123456', 'joone', '2024-01-29 15:02:40', '2024-01-29 15:02:40');
UNLOCK TABLES;
COMMIT;
BEGIN;
LOCK TABLES `ground`.`chatbot` WRITE;
DELETE FROM `ground`.`chatbot`;
UNLOCK TABLES;
COMMIT;
BEGIN;
LOCK TABLES `ground`.`chatroom` WRITE;
DELETE FROM `ground`.`chatroom`;
UNLOCK TABLES;
COMMIT;
BEGIN;
LOCK TABLES `ground`.`follow` WRITE;
DELETE FROM `ground`.`follow`;
INSERT INTO `ground`.`follow` (`follow_id`,`user_id`,`f_user_id`,`createDate`,`updateDate`,`id`,`fromUser`,`toUser`) VALUES (1, 1, 2, '2024-02-02 11:56:47', '2024-02-02 11:56:50', 0, NULL, NULL),(2, 2, 1, '2024-02-02 11:57:16', '2024-02-02 11:57:19', 0, NULL, NULL),(3, 3, 1, '2024-02-02 11:57:16', '2024-02-02 11:57:19', 0, NULL, NULL);
UNLOCK TABLES;
COMMIT;
BEGIN;
LOCK TABLES `ground`.`guestbooks` WRITE;
DELETE FROM `ground`.`guestbooks`;
UNLOCK TABLES;
COMMIT;
BEGIN;
LOCK TABLES `ground`.`home` WRITE;
DELETE FROM `ground`.`home`;
INSERT INTO `ground`.`home` (`mh_id`,`user_id`,`introduce`,`total`,`today`,`mh_url`,`createDate`,`updateDate`) VALUES (1, 1, '김서준의 홈피입니다.', 1, 1, 'https://www.naver.com', '2024-01-05 20:43:58', '2024-01-05 20:43:58'),(2, 2, '김서아의 홈피입니다.', 1, 1, 'https://www.naver.com', '2024-01-05 20:43:58', '2024-01-05 20:43:58'),(3, 3, '이도윤의 홈피입니다.', 1, 1, 'https://www.naver.com', '2024-01-05 20:43:58', '2024-01-05 20:43:58'),(4, 4, '이지안의 홈피입니다.', 1, 1, 'https://www.naver.com', '2024-01-05 20:43:58', '2024-01-05 20:43:58'),(5, 5, '박하준의 홈피입니다.', 1, 1, 'https://www.naver.com', '2024-01-05 20:43:58', '2024-01-05 20:43:58'),(6, 6, '박하윤의 홈피입니다.', 1, 1, 'https://www.naver.com', '2024-01-05 20:43:58', '2024-01-05 20:43:58'),(7, 7, '하시우의 홈피입니다.', 1, 1, 'https://www.naver.com', '2024-01-05 20:43:58', '2024-01-05 20:43:58'),(8, 8, '하서윤의 홈피입니다.', 1, 1, 'https://www.naver.com', '2024-01-05 20:43:58', '2024-01-05 20:43:58'),(9, 9, '차은우의 홈피입니다.', 1, 1, 'https://www.naver.com', '2024-01-05 20:43:58', '2024-01-05 20:43:58'),(10, 10, '차하은의 홈피입니다.', 1, 1, 'https://www.naver.com', '2024-01-05 20:43:58', '2024-01-05 20:43:58'),(11, 11, '예이준의 홈피입니다.', 1, 1, 'https://www.naver.com', '2024-01-05 20:43:58', '2024-01-05 20:43:58'),(12, 12, '예지우의 홈피입니다.', 1, 1, 'https://www.naver.com', '2024-01-05 20:43:58', '2024-01-05 20:43:58'),(13, 13, '유예준의 홈피입니다.', 1, 1, 'https://www.naver.com', '2024-01-05 20:43:58', '2024-01-05 20:43:58'),(14, 14, '유수아의 홈피입니다.', 1, 1, 'https://www.naver.com', '2024-01-05 20:43:58', '2024-01-05 20:43:58'),(15, 15, '정유준의 홈피입니다.', 1, 1, 'https://www.naver.com', '2024-01-05 20:43:58', '2024-01-05 20:43:58'),(16, 16, '정지아의 홈피입니다.', 1, 1, 'https://www.naver.com', '2024-01-05 20:43:58', '2024-01-05 20:43:58'),(17, 17, '박건우의 홈피입니다.', 1, 1, 'https://www.naver.com', '2024-01-05 20:43:58', '2024-01-05 20:43:58'),(18, 18, '박시아의 홈피입니다.', 1, 1, 'https://www.naver.com', '2024-01-05 20:43:58', '2024-01-05 20:43:58'),(19, 19, '여주원의 홈피입니다.', 1, 1, 'https://www.naver.com', '2024-01-05 20:43:58', '2024-01-05 20:43:58'),(20, 20, '여지아의 홈피입니다.', 1, 1, 'https://www.naver.com', '2024-01-05 20:43:58', '2024-01-05 20:43:58'),(21, 21, '서건우의 홈피입니다.', 1, 1, 'https://www.naver.com', '2024-01-05 20:43:58', '2024-01-05 20:43:58'),(22, 22, '서시아의 홈피입니다.', 1, 1, 'https://www.naver.com', '2024-01-05 20:43:58', '2024-01-05 20:43:58'),(23, 23, '마수호의 홈피입니다.', 1, 1, 'https://www.naver.com', '2024-01-05 20:43:58', '2024-01-05 20:43:58'),(24, 24, '마나은의 홈피입니다.', 1, 1, 'https://www.naver.com', '2024-01-05 20:43:58', '2024-01-05 20:43:58'),(25, 25, '임우진의 홈피입니다.', 1, 1, 'https://www.naver.com', '2024-01-05 20:43:58', '2024-01-05 20:43:58'),(26, 26, '임서연의 홈피입니다.', 1, 1, 'https://www.naver.com', '2024-01-05 20:43:58', '2024-01-05 20:43:58'),(27, 27, '하시온의 홈피입니다.', 1, 1, 'https://www.naver.com', '2024-01-05 20:43:58', '2024-01-05 20:43:58'),(28, 28, '하예서의 홈피입니다.', 1, 1, 'https://www.naver.com', '2024-01-05 20:43:58', '2024-01-05 20:43:58'),(29, 29, '김정우의 홈피입니다.', 1, 1, 'https://www.naver.com', '2024-01-05 20:43:58', '2024-01-05 20:43:58'),(30, 30, '김시은의 홈피입니다.', 1, 1, 'https://www.naver.com', '2024-01-05 20:43:58', '2024-01-05 20:43:58'),(31, 31, '김유찬의 홈피입니다.', 1, 1, 'https://www.naver.com', '2024-01-05 20:43:58', '2024-01-05 20:43:58'),(32, 32, '김다은의 홈피입니다.', 1, 1, 'https://www.naver.com', '2024-01-05 20:43:58', '2024-01-05 20:43:58'),(33, 33, '임지우의 홈피입니다.', 1, 1, 'https://www.naver.com', '2024-01-05 20:43:58', '2024-01-05 20:43:58'),(34, 34, '임은서의 홈피입니다.', 1, 1, 'https://www.naver.com', '2024-01-05 20:43:58', '2024-01-05 20:43:58'),(35, 35, '최시안의 홈피입니다.', 1, 1, 'https://www.naver.com', '2024-01-05 20:43:58', '2024-01-05 20:43:58'),(36, 36, '최서율의 홈피입니다.', 1, 1, 'https://www.naver.com', '2024-01-05 20:43:58', '2024-01-05 20:43:58'),(37, 37, '조승우의 홈피입니다.', 1, 1, 'https://www.naver.com', '2024-01-05 20:43:58', '2024-01-05 20:43:58'),(38, 38, '조아인의 홈피입니다.', 1, 1, 'https://www.naver.com', '2024-01-05 20:43:58', '2024-01-05 20:43:58'),(39, 39, '유시현의 홈피입니다.', 1, 1, 'https://www.naver.com', '2024-01-05 20:43:58', '2024-01-05 20:43:58'),(40, 40, '유나윤의 홈피입니다.', 1, 1, 'https://www.naver.com', '2024-01-05 20:43:58', '2024-01-05 20:43:58'),(41, 41, '김민재의 홈피입니다.', 1, 1, 'https://www.naver.com', '2024-01-05 20:43:58', '2024-01-05 20:43:58'),(42, 42, '김다현의 홈피입니다.', 1, 1, 'https://www.naver.com', '2024-01-05 20:43:58', '2024-01-05 20:43:58'),(43, 43, '정주안의 홈피입니다.', 1, 1, 'https://www.naver.com', '2024-01-05 20:43:58', '2024-01-05 20:43:58'),(44, 44, '정유하의 홈피입니다.', 1, 1, 'https://www.naver.com', '2024-01-05 20:43:58', '2024-01-05 20:43:58'),(45, 45, '최지한의 홈피입니다.', 1, 1, 'https://www.naver.com', '2024-01-05 20:43:58', '2024-01-05 20:43:58'),(46, 46, '최재이의 홈피입니다.', 1, 1, 'https://www.naver.com', '2024-01-05 20:43:58', '2024-01-05 20:43:58'),(47, 47, '김지훈의 홈피입니다.', 2, 2, 'https://www.naver.com', '2024-01-05 20:43:58', '2024-01-05 20:43:58'),(48, 48, '김지혜의 홈피입니다.', 2, 2, 'https://www.naver.com', '2024-01-05 20:43:58', '2024-01-05 20:43:58'),(49, 49, '홍동현의 홈피입니다.', 2, 2, 'https://www.naver.com', '2024-01-05 20:43:58', '2024-01-05 20:43:58'),(50, 50, '홍민지의 홈피입니다.', 2, 2, 'https://www.naver.com', '2024-01-05 20:43:58', '2024-01-05 20:43:58'),(51, 51, '김영철의 홈피입니다.', 2, 2, 'https://www.naver.com', '2024-01-05 20:43:58', '2024-01-05 20:43:58');
UNLOCK TABLES;
COMMIT;
BEGIN;
LOCK TABLES `ground`.`image` WRITE;
DELETE FROM `ground`.`image`;
UNLOCK TABLES;
COMMIT;
BEGIN;
LOCK TABLES `ground`.`likes` WRITE;
DELETE FROM `ground`.`likes`;
UNLOCK TABLES;
COMMIT;
BEGIN;
LOCK TABLES `ground`.`member` WRITE;
DELETE FROM `ground`.`member`;
INSERT INTO `ground`.`member` (`user_id`,`log_id`,`log_pw`,`user_name`,`user_gender`,`user_birth`,`img_path`,`nickname`,`text`,`ac_num`,`createDate`,`updateDate`) VALUES (1, '1', '12345', '김서준', '남자', '700213', 'https://search.pstatic.net/sunny/?src=https%3A%2F%2Fcdnimg.melon.co.kr%2Fcm2%2Fphoto%2Fimages%2F000%2F801%2F35%2F812%2F80135812_20210520135319_500.jpg%2Fmelon%2Fquality%2F90%2Foptimize&type=a340', 'tjwns7070', '피곤함...ㅇ.ㅇ', 0, '2024-01-05 20:04:27', '2024-02-05 16:41:35'),(2, '2', '12345', '김서아', '여자', '711223', 'https://search.pstatic.net/sunny/?src=https%3A%2F%2Fcdnimg.melon.co.kr%2Fcm2%2Fphoto%2Fimages%2F000%2F801%2F35%2F812%2F80135812_20210520135319_500.jpg%2Fmelon%2Fquality%2F90%2Foptimize&type=a340', 'tjwns7070', '흐르는 강물처럼....', 0, '2024-01-05 20:04:27', '2024-02-05 16:23:13'),(3, '3', '12345', '이도윤', '남자', '721112', 'https://search.pstatic.net/sunny/?src=https%3A%2F%2Fcdnimg.melon.co.kr%2Fcm2%2Fphoto%2Fimages%2F000%2F802%2F03%2F642%2F80203642_20230112141740_500.jpg%2Fmelon%2Fquality%2F90%2Foptimize&type=a340', 'ehdbs72', '꿈은 이루어진다!', 0, '2024-01-05 20:04:27', '2024-01-05 20:04:27'),(4, '4', '12345', '이지안', '여자', '730302', 'https://search.pstatic.net/common/?src=http%3A%2F%2Fblogfiles.naver.net%2F20130824_232%2Fwolhey_1377342799289oEkBK_JPEG%2FHIDN02.JPG&type=a340', 'wldks73', '힘내자고 짜샤!!!', 0, '2024-01-05 20:04:27', '2024-01-05 20:04:27'),(5, '5', '12345', '박하준', '남자', '740601', 'https://search.pstatic.net/sunny/?src=https%3A%2F%2Fcdnimg.melon.co.kr%2Fcm2%2Fphoto%2Fimages%2F000%2F801%2F60%2F824%2F80160824_20220107094219_500.jpg%2Fmelon%2Fquality%2F90%2Foptimize&type=a340', 'gkwns74', '잠수중', 0, '2024-01-05 20:04:27', '2024-01-05 20:04:27'),(6, '6', '12345', '박하윤', '여자', '750817', 'https://search.pstatic.net/common/?src=http%3A%2F%2Fblogfiles.naver.net%2FMjAyMjA4MjFfMTIx%2FMDAxNjYxMDg3MjQyNTc2.0ZbP9aKyWE0TUMbiSvKCIU36_DQXCwIFY0HVYuuvpeYg.2MECicXsP5fOizZr_Bkm71jk1EXh71ax4mpqIO60_EAg.JPEG.ijisoo1315%2Foutput_137207560.jpg&type=a340', 'gkdbs75', 'ㅋ', 0, '2024-01-05 20:04:27', '2024-01-05 20:04:27'),(7, '7', '12345', '하시우', '남자', '760913', 'https://search.pstatic.net/common/?src=http%3A%2F%2Fcafefiles.naver.net%2FMjAxODAxMTlfNCAg%2FMDAxNTE2MzMxNjUzODE0.OS_zjx_e3jScCZUEM8ZQDprav8wfz9kMg2lgr6Gu8-sg.dVoUtnJfBFXzM5StT2KvjwiUwFzI3WufYU19VXwdxycg.JPEG.photomecca07%2F2.jpg&type=a340', 'tldn76', '스마트 하다는 것은 열정을 멈추지 않는다는것', 0, '2024-01-05 20:04:27', '2024-01-05 20:04:27'),(8, '8', '12345', '하서윤', '여자', '770422', 'https://search.pstatic.net/common/?src=http%3A%2F%2Fblogfiles.naver.net%2FMjAxODA0MjZfMTQ2%2FMDAxNTI0NzE0OTIzOTA4.zs09ppaNupleRuMst_Zbl88Dj6iyzFYMcJl3FWGRV9gg.UJjGXPa5L-dgDnZmWladybF7cis8DNQMPlg9P_hZrZQg.JPEG.jystudio00%2FKJU_3010.jpg&type=a340', 'tjdbs77', '추워추워추워', 0, '2024-01-05 20:04:27', '2024-01-05 20:04:27'),(9, '9', '12345', '차은우', '남자', '780501', 'https://search.pstatic.net/common/?src=http%3A%2F%2Fblogfiles.naver.net%2FMjAxNzA4MjJfMjY1%2FMDAxNTAzMzkyMjI0NjIx.S5OewVnerMeESlw6E9CTBCAgtr8N5xGdWheXdG-Nfscg.5g579iFsZjx4pZi5utVFV42VxRPyUOha6VSIUpZDQ_Mg.JPEG.imagelab01%2FLAB_4497_re.jpg&type=a340', 'dmsdn78', '더워더워더워', 0, '2024-01-05 20:04:27', '2024-01-05 20:04:27'),(10, '10', '12345', '차하은', '여자', '791009', 'https://search.pstatic.net/common/?src=http%3A%2F%2Fblogfiles.naver.net%2F20140922_29%2Fmordenia_14113867398863poDz_JPEG%2Fdsc_0008_2.jpg&type=a340', 'gkdms79', '너는 나의 비타민', 0, '2024-01-05 20:04:27', '2024-01-05 20:04:27'),(11, '11', '12345', '예이준', '남자', '801016', 'https://search.pstatic.net/sunny/?src=https%3A%2F%2Fmedia.istockphoto.com%2Fphotos%2Fman-construction-worker-profile-sideview-silhouette-portrait-picture-id156506382&type=a340', 'dlwns80', 'i do what am i', 2, '2024-01-05 20:04:27', '2024-01-05 20:04:27'),(12, '12', '12345', '예지우', '여자', '810712', 'https://search.pstatic.net/common/?src=http%3A%2F%2Fblogfiles.naver.net%2FMjAyMTEwMTRfOTEg%2FMDAxNjM0MTg4NDUyMjI0.BvnABzA45vVoPFVi-afeLnRjkWQh1dP3nCHa0fV-vtMg.C7a55kCHS7OBRKS7CG1aiY7mcDICaHO5O4cmEYOq-HUg.JPEG.w_b880%2F5.jpg&type=a340', 'wldn81', '설렌다~', 1, '2024-01-05 20:04:27', '2024-01-05 20:04:27'),(13, '13', '12345', '유예준', '남자', '820316', 'https://search.pstatic.net/sunny/?src=https%3A%2F%2Fcdnimg.melon.co.kr%2Fcm2%2Fphoto%2Fimages%2F000%2F802%2F03%2F619%2F80203619_20230112134800_500.jpg%2Fmelon%2Fquality%2F90%2Foptimize&type=a340', 'dPwbs82', '딸바보 아빠', 0, '2024-01-05 20:04:27', '2024-01-05 20:04:27'),(14, '14', '12345', '유수아', '여자', '830715', 'https://search.pstatic.net/common/?src=http%3A%2F%2Fblogfiles.naver.net%2F20120201_2%2Fxx4kuby6_13280611958410KS9z_PNG%2Funtitled.png&type=a340', 'tndk83', '세상의 중심은 나!!', 0, '2024-01-05 20:04:27', '2024-01-05 20:04:27'),(15, '15', '12345', '정유준', '남자', '840803', 'https://search.pstatic.net/common/?src=http%3A%2F%2Fimgnews.naver.net%2Fimage%2F022%2F2020%2F04%2F13%2F20200412510938_20200413031906202.jpg&type=a340', 'dbwns84', '바쁨 그리고 바쁨', 1, '2024-01-05 20:04:27', '2024-01-05 20:04:27'),(16, '16', '12345', '정지아', '여자', '850911', 'https://search.pstatic.net/common/?src=http%3A%2F%2Fblogfiles.naver.net%2FMjAxODAyMDlfMjcy%2FMDAxNTE4MTM3OTI3MzE2.b-QLlNMimUX5e6tzPCb7OvLtXLveiMaTmbJ5X6POwQUg.QqtiHL57PGvdkNzUG_H-OTO_GYqprbYcBVRjNrVxtuEg.JPEG.leemg12%2FLMG_3595.JPG&type=a340', 'wldk85', '웃자! ㅋㅋㅋㅋㅋㅋ', 3, '2024-01-05 20:04:27', '2024-01-05 20:04:27'),(17, '17', '12345', '박건우', '남자', '860702', 'https://search.pstatic.net/common/?src=http%3A%2F%2Fblogfiles.naver.net%2FMjAxOTExMDRfNyAg%2FMDAxNTcyODM2Njk3MzI3.mPXaQ506ErVHunSvc1VNENsUh0cy2E10IBZbVSa0W8sg.21O3oadlQ-jPXXdFwAr4V9hH6dyVMtJ-QexGDD2SKT0g.JPEG.hogam010%2FUntitled-3.jpg&type=a340', 'rjsdn86', '스릉흔드', 0, '2024-01-05 20:04:27', '2024-01-05 20:04:27'),(18, '18', '12345', '박시아', '여자', '870215', 'https://search.pstatic.net/common/?src=http%3A%2F%2Fblogfiles.naver.net%2F20130925_76%2Fstudiored_13800728256268WTSo_JPEG%2FIMG_7569.JPG&type=a340', 'tldk87', '상상, 그 이상의 실현', 0, '2024-01-05 20:04:27', '2024-01-05 20:04:27'),(19, '19', '12345', '여주원', '남자', '881008', 'https://search.pstatic.net/common/?src=http%3A%2F%2Fcafefiles.naver.net%2FMjAxODExMDFfMjA1%2FMDAxNTQxMDM3NDMxMTk0.6Zb7VtPEnC21POWEkaWMwF5PVOvmuiKzCoIahaN_7f8g.LSMwkINi4VqEASzecs3JbHVSzdG_lO6-GVhLDA_gN84g.JPEG.photomecca07%2F2.jpg&type=a340', 'wndnjs88', '떠나고파', 0, '2024-01-05 20:04:27', '2024-01-05 20:04:27'),(20, '20', '12345', '여지아', '여자', '890902', 'https://search.pstatic.net/common/?src=http%3A%2F%2Fimgnews.naver.net%2Fimage%2F5339%2F2019%2F02%2F08%2F0000134694_001_20190208000548003.jpg&type=a340', 'wldk89', 'Impossible is nothing\r\n', 0, '2024-01-05 20:04:27', '2024-01-05 20:04:27'),(21, '21', '12345', '서건우', '남자', '901105', 'https://search.pstatic.net/common/?src=http%3A%2F%2Fblogfiles.naver.net%2FMjAyMDA4MTRfMTEy%2FMDAxNTk3MzczODk4NzE5.mAdGTb4sr__OVTlxoOh7bMHuTADdK5Ds09hdxYzdJS4g.fNoLC7a6Dz3Cuuj8_j37vINUW6gd1Ga3d7dRkV1wowUg.JPEG.photomecca07%2F2.jpg&type=a340', 'rjsdn90', '초심을 잃지 말자!!!\r\n', 0, '2024-01-05 20:04:27', '2024-01-05 20:04:27'),(22, '22', '12345', '서시아', '여자', '910416', 'https://search.pstatic.net/common/?src=http%3A%2F%2Fblogfiles.naver.net%2F20160313_242%2Fbiblewoman_1457854916960kOwld_JPEG%2FDSC_8411.jpg&type=a340', 'tldk91', '사랑해! 미안해! 고마워! 당인이 있기에 행복합니다.\r\n', 0, '2024-01-05 20:04:27', '2024-01-05 20:04:27'),(23, '23', '12345', '마수호', '남자', '920319', 'https://search.pstatic.net/common/?src=http%3A%2F%2Fblogfiles.naver.net%2F20160317_135%2Fmazamazastudio_14581877170011f01X_JPEG%2F_H7A5033-Edit.jpg&type=a340', 'tngh92', '아이유 남편\r\n', 0, '2024-01-05 20:04:27', '2024-01-05 20:04:27'),(24, '24', '12345', '마나은', '여자', '930823', 'https://search.pstatic.net/common/?src=http%3A%2F%2Fblogfiles.naver.net%2FMjAyMDEyMjFfMjUz%2FMDAxNjA4NTE1Nzg2Mzgx.iUzHF2hfvfLeNxzNNZb1VA_UmurmoXsiGYqzd3yXjb4g.9okWVnf5Iab40BqbtNFnqBBos5eg0lEmcn1rAFYCRDIg.JPEG.leeth7603%2FIMG_2119.JPG&type=a340', 'skdms93', '디아블로 잡으러 먼 길 떠납니다.\r\n', 0, '2024-01-05 20:04:27', '2024-01-05 20:04:27'),(25, '25', '12345', '임우진', '남자', '940131', 'https://search.pstatic.net/common/?src=http%3A%2F%2Fblogfiles.naver.net%2FMjAxODA5MjhfMTM1%2FMDAxNTM4MTAyNjcwMDIw.o4CzDSpr1SBjxa0UIej_a-myTZ1H8nNFCkPnLd6Nn0og.z23A_sraPHGiSAJzEvFSlhx738dSLIT7pE6nAWBuYv8g.PNG.vivid-photo%2F5.PNG&type=a340', 'dnwls94', '٩(๑`ȏ´๑)۶\r\n', 0, '2024-01-05 20:04:27', '2024-01-05 20:04:27'),(26, '26', '12345', '임서연', '여자', '950615', 'https://search.pstatic.net/common/?src=http%3A%2F%2Fblogfiles.naver.net%2F20140713_238%2Fwolhey_1405234372300NPAMw_JPEG%2FHIDN04.JPG&type=a340', 'tjdus95', '◟(  ‾᷅ᾥ‾᷄  )\r\n', 0, '2024-01-05 20:04:27', '2024-01-05 20:04:27'),(27, '27', '12345', '하시온', '남자', '960314', 'https://search.pstatic.net/common/?src=http%3A%2F%2Fblogfiles.naver.net%2FMjAxOTAyMTlfMjI3%2FMDAxNTUwNTY0MDM5ODM1.EIGzuRGPqOQAypEms_Og__j7A0xtBbZfw0ZHuJX0wH0g.6DIaobfJbZFK_2xYzOgWZ59HmQfUPw2xRMM2hB_AMJQg.JPEG.tmfvmstmxhfl%2F_JY_4177.jpg&type=a340', 'tldhs96', '╭( ･ㅂ･)و\r\n', 0, '2024-01-05 20:04:27', '2024-01-05 20:04:27'),(28, '28', '12345', '하예서', '여자', '970815', 'https://search.pstatic.net/common/?src=http%3A%2F%2Fblogfiles.naver.net%2FMjAyMTA4MzFfMTEw%2FMDAxNjMwMzk4MDc5ODk2.nqcH5t0lXiZotvjB3Ch7PXkvMGYvCiIyUiDG5Azeqykg.2fNf9DcKho0nwbjwbRT-zAn6HDLFb683nmurPWk01Qog.JPEG.rladbwls9854%2FIMG_2156.JPG&type=a340', 'dPtj97', '(  ｰ̀дｰ́ )\r\n', 0, '2024-01-05 20:04:27', '2024-01-05 20:04:27'),(29, '29', '12345', '김정우', '남자', '981225', 'https://search.pstatic.net/common/?src=http%3A%2F%2Fblogfiles.naver.net%2F20151120_91%2Fduksgallery_1447989109930FUgOT_JPEG%2F%25B9%25DA%25C3%25B5%25BC%25BA_3798-1_4r.jpg&type=a340', 'wjddn98', '내맘진짜모르네', 0, '2024-01-05 20:04:27', '2024-01-05 20:04:27'),(30, '30', '12345', '김시은', '여자', '990210', 'https://search.pstatic.net/common/?src=http%3A%2F%2Fblogfiles.naver.net%2F20160823_262%2Fdespotlove_1471919892967CRN8q_JPEG%2Fdasdfcv.jpg&type=a340', 'tldms99', '내가 사는 이유 너 하나야', 0, '2024-01-05 20:04:27', '2024-01-05 20:04:27'),(31, '31', '12345', '김유찬', '남자', '001123', 'https://search.pstatic.net/common/?src=http%3A%2F%2Fblogfiles.naver.net%2FMjAyMTExMTZfMTY4%2FMDAxNjM3MDM4NTI0Nzk2.l1T_GcJmm_09oHh4hEJF7DGILjVeECSaLCQLfPRMQt4g.BoVxY3krVmInyhPPYq1CfBQbP_-54tLgXtLE3lFY_R0g.JPEG.ssj6221%2FIMG_9936.JPG&type=a340', 'dbcks00', '좋아한다고 알아달라고', 0, '2024-01-05 20:04:27', '2024-01-05 20:04:27'),(32, '32', '12345', '김다온', '여자', '010505', 'https://search.pstatic.net/common/?src=http%3A%2F%2Fblogfiles.naver.net%2FMjAyMDExMjJfMjQw%2FMDAxNjA2MDE1NjQ4Nzky.TrCc_TIHGRz0lGpv5D7XkqnEzE-7fwGBZA-cxlyiB6kg.qGS-ty9H4dmvlK1QGhRThbJrh7IIFPTl8GSTuazJaK4g.JPEG.photomecca07%2F12.jpg&type=a340', 'ekdms01', 'Hope springs eternal', 0, '2024-01-05 20:04:27', '2024-01-05 20:04:27'),(33, '33', '12345', '임지우', '남자', '020617', 'https://search.pstatic.net/common/?src=http%3A%2F%2Fblogfiles.naver.net%2FMjAyMTA0MjNfMjAx%2FMDAxNjE5MTY1MTAwODA0.SqybYsvoUvsjO8nTaPX3oqoBoSBOL0L9V1R1uwySRUAg.R4QcZPtadUAK-AGp_K06gI9wANC3QbwbZ7CAvSWymTkg.JPEG.midory2020%2FIMG_4809.JPG&type=a340', 'wldn02', 'Be the change', 0, '2024-01-05 20:04:27', '2024-01-05 20:04:27'),(34, '34', '12345', '임은서', '여자', '030925', 'https://search.pstatic.net/common/?src=http%3A%2F%2Fcafefiles.naver.net%2FMjAyMDAzMTVfNjEg%2FMDAxNTg0MjQwNzY0OTY1.yEl7kHkbqm7Q7-2G9aMSsdwOi5xyDFJvlm7lwmCPUEUg.EM9xlKXN26EPdu3C3eGPTe_s1vxx5mJpUyofeTCWzaEg.JPEG%2F4.jpg&type=a340', 'dmstj03', 'Change is constant', 0, '2024-01-05 20:04:27', '2024-01-05 20:04:27'),(35, '35', '12345', '최시안', '남자', '041011', 'https://search.pstatic.net/common/?src=http%3A%2F%2Fblogfiles.naver.net%2FMjAyMTA5MDVfMTk3%2FMDAxNjMwODUwNDE2NTcx.Af6bZLaz9C1QTPVq6pcO7jg7FKDCE_AfRBjgLvwbwBkg.jiC1J_XUodylxpoLKBfnxB3PaQk_qccvRdmm8DjzniEg.JPEG.153production%2F2.JPG&type=a340', 'tldks04', 'Keep it simple stupid', 0, '2024-01-05 20:04:27', '2024-01-05 20:04:27'),(36, '36', '12345', '최서율', '여자', '050228', 'https://search.pstatic.net/common/?src=http%3A%2F%2Fblogfiles.naver.net%2FMjAyMjA5MTFfMjc2%2FMDAxNjYyODg2OTkwNDI4.wmhdlxA2b1b2OlE5aalGoL9XBHudksB79CiCt33sHHgg.9fc-o32xTmvjGR9ea7rHypjArvKcWxxgHDhsDBV4Ezwg.JPEG.seedcompany_kr%2F1.jpg&type=a340', 'tjdbf05', '5월 12일 9시 25분', 0, '2024-01-05 20:04:27', '2024-01-05 20:04:27'),(37, '37', '12345', '조승우', '남자', '061227', 'https://search.pstatic.net/common/?src=http%3A%2F%2Fpost.phinf.naver.net%2FMjAxODA4MjhfMjA1%2FMDAxNTM1NDQ3MjQzMzky.DtcWHDfw0Lw32JA0TlHK3eLvrPnv_wKawQ0GWGsxpDUg.GWN7ys5bLGEyWe5G1IsHdbspYEOZIZOKJ7q-C_5if9cg.JPEG%2FIR_LtVnnpiF46WYcaLVmnG1K3WAI.jpg&type=a340', 'tmddn06', '고죠 사토루 살려내!', 0, '2024-01-05 20:04:27', '2024-01-05 20:04:27'),(38, '38', '12345', '조아인', '여자', '070104', 'https://search.pstatic.net/common/?src=http%3A%2F%2Fcafefiles.naver.net%2FMjAyMDAzMTBfMTE4%2FMDAxNTgzODA5NjQzODg5.P6mt7688WNMBg1IO4QJOfHS2-fGcu8oA98ppjW6zPd4g.5zHfzLolCYQfMnOh5iiHPTJ1J-AcIdl0HeBTm2wCuzMg.JPEG%2F3.jpg&type=a340', 'dkdls07', '울 이쁜작은공주사랑해', 0, '2024-01-05 20:04:27', '2024-01-05 20:04:27'),(39, '39', '12345', '유시현', '남자', '081231', 'https://search.pstatic.net/common/?src=http%3A%2F%2Fblogfiles.naver.net%2FMjAyMzA2MjdfMjU0%2FMDAxNjg3ODI2MTY5MjEy.MpDg0FkSLgItf9MkkgpI3l9Gi3hiJzCQ7L3SUGtbDKYg.DRSfBSmYI4nyGNsMO6QeBqoMBWqnvVBKpCKlOViSwpUg.JPEG.skyeho08%2FIMG_1116.JPG&type=a340', 'tlgus08', '드디어 점보도시락구했다!', 0, '2024-01-05 20:04:27', '2024-01-05 20:04:27'),(40, '40', '12345', '유나윤', '여자', '091001', 'https://search.pstatic.net/common/?src=http%3A%2F%2Fcafefiles.naver.net%2FMjAyMDAzMjBfMTU1%2FMDAxNTg0Njc0MjU4MzQy.Fz4JO8cECUNIUQfQ_vA0JweoZcJCUZhpuVNvSx1ihDog.pvz0GwI5oPDwbX5Fp0AkUgvxG_ZX2HircPVjXF7cMUgg.JPEG%2F4.jpg&type=a340', 'skdbs09', '슈붕보단 팥붕!', 0, '2024-01-05 20:04:27', '2024-01-05 20:04:27'),(41, '41', '12345', '김민재', '남자', '100112', 'https://search.pstatic.net/sunny/?src=https%3A%2F%2Fi.pinimg.com%2F736x%2F6b%2F4b%2Fc1%2F6b4bc14212f950810f24008064515d2b.jpg&type=a340', 'alswo10', '외노자청산 백수생활41일', 0, '2024-01-05 20:04:27', '2024-01-05 20:04:27'),(42, '42', '12345', '김다현', '여자', '110225', 'https://search.pstatic.net/common/?src=http%3A%2F%2Fcafefiles.naver.net%2FMjAyMDAzMjdfODIg%2FMDAxNTg1Mjc4MjAzNDk5._d0fmvDKQMTw9DiJtxmUhGtm1tcdU6UXIHo6FM5W47Ug.ok0hQELK7vn9wpwc1z95JoG-Srt29dDasi28w25th5sg.JPEG%2F7.jpg&type=a340', 'ekgus11', '오늘 또 하루가 주어짐에 감사를~~', 0, '2024-01-05 20:04:27', '2024-01-05 20:04:27'),(43, '43', '12345', '정주안', '남자', '121210', 'https://search.pstatic.net/common/?src=http%3A%2F%2Fcafefiles.naver.net%2FMjAxNjEyMTZfMjc1%2FMDAxNDgxODUyNjA2ODMy.7bDXXuwpWOEONhNZTYXVEfA4cRmWCG91r45Qt1DgNx0g.arVAR8rCHlZbpObL1wVKCjOmZHnrqTvRrCpytB1i50sg.JPEG.ilwoo_07%2F10.jpg&type=a340', 'wndks12', '귀환하라', 0, '2024-01-05 20:04:27', '2024-01-05 20:04:27'),(44, '44', '12345', '정유하', '여자', '130524', 'https://search.pstatic.net/common/?src=http%3A%2F%2Fblogfiles.naver.net%2FMjAyMTAyMjhfMTcy%2FMDAxNjE0NTIwODM3MDAz.VXGBcH_uR8OHBhEXVYwcNRsBF4X-zmXYW60lTqFEivsg.feo7flyITS0fJu0rp3cotvZL5pV_nEkJKPQeHKwMWC8g.JPEG.jejuwg%2FIMG_3725.jpg&type=a340', 'dbgk13', '감사합니다 답장 느려요', 0, '2024-01-05 20:04:27', '2024-01-05 20:04:27'),(45, '45', '12345', '최지한', '남자', '140316', 'https://search.pstatic.net/common/?src=http%3A%2F%2Fcafefiles.naver.net%2FMjAyMDA2MTBfMjY2%2FMDAxNTkxNzU4MTc5NjM1.EyO036uNQwGK5VRXXTl0L0n2iHd8DoeGPIhCWeb_84kg.JEEjeJMYar5hxGdVGF2K8ciXRRBnKQSKICAXrXJplsIg.JPEG%2F1.jpg&type=a340', 'wlgks14', '굿~', 0, '2024-01-05 20:04:27', '2024-01-05 20:04:27'),(46, '46', '12345', '최재이', '여자', '150818', 'https://search.pstatic.net/common/?src=http%3A%2F%2Fblogfiles.naver.net%2FMjAyMTExMTBfMjEz%2FMDAxNjM2NTEzODI0MTA0.kHOfNr2YIDBH3AqiFxd80FQS3l6xeoX7TaINvGnjKUsg.EZOQbbQsh-oyAePMsZjco8RBHinBv7xIucohAdYeG60g.JPEG.photomecca07%2F11.jpg&type=a340', 'wodl15', 'The tide will surely come', 0, '2024-01-05 20:04:27', '2024-01-05 20:04:27'),(47, '47', '12345', '김지훈', '남자', '161106', 'https://search.pstatic.net/common/?src=http%3A%2F%2Fblogfiles.naver.net%2FMjAyMjA1MTBfMTMx%2FMDAxNjUyMTU2MDk1NjMx.bf8HooZEASocNLdhjl7DPZi_1K-tBEpqLl-Lf75bTI8g.rcwrHiapbe9ht3PklhMJ1ZxZ9_75YrUlDNal75h6HK0g.PNG.kachi6292%2F20220510_124527.png&type=a340', 'wlgns16', 'Never Settle. sabbatical year. brunch/denius83.', 0, '2024-01-05 20:04:27', '2024-01-05 20:04:27'),(48, '48', '12345', '김지혜', '여자', '170109', 'https://search.pstatic.net/common/?src=http%3A%2F%2Fblogfiles.naver.net%2FMjAyMTAzMTBfMzQg%2FMDAxNjE1MzU4NzQwMDk2.oo-0peSJ964Xf-OFsrRvgXv_tQlEP9h-COWSOE0Vblwg.ZcJeZRMXxUIR1DHdoSBwxFpeeo1XZeL3dSsZRQg74iIg.JPEG.photomecca07%2F2.jpg&type=a340', 'wlgP17', '좋아', 0, '2024-01-05 20:04:27', '2024-01-05 20:04:27'),(49, '49', '12345', '홍동현', '남자', '181212', 'https://search.pstatic.net/common/?src=http%3A%2F%2Fcafefiles.naver.net%2F20141124_16%2Fphotocafefun_1416822497880mb55H_JPEG%2F20090511_105025_%25C0%25A7%25BF%25EB%25B7%25AE%2528%25BC%25F6%25C1%25A4%2529.jpg&type=a340', 'ehdgus18', '오늘처럼', 0, '2024-01-05 20:04:27', '2024-01-05 20:04:27'),(50, '50', '12345', '홍민지', '여자', '191008', 'https://search.pstatic.net/common/?src=http%3A%2F%2Fblogfiles.naver.net%2FMjAyMTEyMjhfMTg2%2FMDAxNjQwNjYzMjAzODQw.lF4cBY3t5e62TEfD5rY6pWzhAWCN8kdAIzfiTrqojuMg.ciQfdSCRdV9r2D9SpKOgWOzPwDNU9LYDKtPWZaf8ihEg.JPEG.photomecca07%2F9.jpg&type=a340', 'alswl19', 'Your capacity to enjoy life', 0, '2024-01-05 20:04:27', '2024-01-05 20:04:27'),(51, '51', '12345', '김영철', '남자', '201130', 'https://search.pstatic.net/common/?src=http%3A%2F%2Fblogfiles.naver.net%2FMjAxNzEwMTlfMTkz%2FMDAxNTA4Mzk5MTY1NTky._IvicI3UJ3NBvk1jEC7LDpgLAD2uMqThlnRMXOZwB7kg._g-h0BR7GpedEvoYiqYpSqWlfszgaMhBNOJrqBPwQRgg.JPEG.imagelab01%2FLAB_7454_re_bw2.jpg&type=a340', 'dudcjf20', 'an eventful day, life, journey', 0, '2024-01-05 20:04:27', '2024-01-05 20:04:27'),(52, 'mrsoon', '920112', '장발순', '여자', '920112', '', '발순', '테스트', 0, '2024-01-22 16:36:14', '2024-01-22 16:36:14'),(53, 'mrsik', '900112', '백길씩', '남자', '900112', '', '길씩', '테스트', 0, '2024-01-22 16:49:12', '2024-01-22 16:49:12'),(54, '331', '12345', '장동준', '남자', '980501', '', '동준', '집가고싶다', 0, '2024-01-22 19:54:10', '2024-01-22 19:54:10'),(55, '55', '12345', '김다슬', '여자', '970101', '', '다슬', '나도 집가고 싶다', 0, '2024-01-22 19:55:27', '2024-01-22 19:55:27'),(56, '56', '12345', '문예찬', '남자', '970102', '', '예찬', '공부합시다', 0, '2024-01-22 20:36:21', '2024-01-22 20:36:21'),(57, 'woochan', 'Woochan1!', '김우찬', '남자', '970828', NULL, 'wooch', NULL, 0, '2024-01-31 18:07:00', '2024-01-31 18:07:00'),(58, 'wkdehdwns@naver.com', 'Wkdehdwns1!', '장동준', '남자', '980502', NULL, 'jdj', NULL, 0, '2024-02-01 12:29:28', '2024-02-01 12:29:28'),(59, 'ehdwns01@naver.com', 'Abc@1232', '동준', '남자', '980202', NULL, '메롱', NULL, 0, '2024-02-01 17:05:13', '2024-02-01 17:05:13'),(60, 'test01@gmail.com', 'Test!123', '테스', '남자', '900101', NULL, '테스', NULL, 0, '2024-02-01 22:44:47', '2024-02-01 22:44:47'),(61, 'tetete@naver.com', 'Test@321', '테스트요', '남자', '750912', NULL, '요트스테', NULL, 0, '2024-02-02 20:11:04', '2024-02-02 20:11:04');
UNLOCK TABLES;
COMMIT;
BEGIN;
LOCK TABLES `ground`.`message` WRITE;
DELETE FROM `ground`.`message`;
UNLOCK TABLES;
COMMIT;
BEGIN;
LOCK TABLES `ground`.`myhomecount` WRITE;
DELETE FROM `ground`.`myhomecount`;
INSERT INTO `ground`.`myhomecount` (`mhc_id`,`user_id`,`mh_id`,`visit_date`,`createDate`,`updateDate`) VALUES (1, 1, 51, '2024-01-05 21:25:05', '2024-01-05 21:25:05', '2024-01-05 21:25:05'),(2, 2, 50, '2024-01-05 21:25:05', '2024-01-05 21:25:05', '2024-01-05 21:25:05'),(3, 3, 49, '2024-01-05 21:25:05', '2024-01-05 21:25:05', '2024-01-05 21:25:05'),(4, 4, 48, '2024-01-05 21:25:05', '2024-01-05 21:25:05', '2024-01-05 21:25:05'),(5, 5, 47, '2024-01-05 21:25:05', '2024-01-05 21:25:05', '2024-01-05 21:25:05'),(6, 6, 46, '2024-01-05 21:25:05', '2024-01-05 21:25:05', '2024-01-05 21:25:05'),(7, 7, 45, '2024-01-05 21:25:05', '2024-01-05 21:25:05', '2024-01-05 21:25:05'),(8, 8, 44, '2024-01-05 21:25:05', '2024-01-05 21:25:05', '2024-01-05 21:25:05'),(9, 9, 43, '2024-01-05 21:25:05', '2024-01-05 21:25:05', '2024-01-05 21:25:05'),(10, 10, 42, '2024-01-05 21:25:05', '2024-01-05 21:25:05', '2024-01-05 21:25:05'),(11, 11, 41, '2024-01-05 21:25:05', '2024-01-05 21:25:05', '2024-01-05 21:25:05'),(12, 12, 40, '2024-01-05 21:25:05', '2024-01-05 21:25:05', '2024-01-05 21:25:05'),(13, 13, 39, '2024-01-05 21:25:05', '2024-01-05 21:25:05', '2024-01-05 21:25:05'),(14, 14, 38, '2024-01-05 21:25:05', '2024-01-05 21:25:05', '2024-01-05 21:25:05'),(15, 15, 37, '2024-01-05 21:25:05', '2024-01-05 21:25:05', '2024-01-05 21:25:05'),(16, 16, 36, '2024-01-05 21:25:05', '2024-01-05 21:25:05', '2024-01-05 21:25:05'),(17, 17, 35, '2024-01-05 21:25:05', '2024-01-05 21:25:05', '2024-01-05 21:25:05'),(18, 18, 34, '2024-01-05 21:25:05', '2024-01-05 21:25:05', '2024-01-05 21:25:05'),(19, 19, 33, '2024-01-05 21:25:05', '2024-01-05 21:25:05', '2024-01-05 21:25:05'),(20, 20, 32, '2024-01-05 21:25:05', '2024-01-05 21:25:05', '2024-01-05 21:25:05'),(21, 21, 31, '2024-01-05 21:25:05', '2024-01-05 21:25:05', '2024-01-05 21:25:05'),(22, 22, 30, '2024-01-05 21:25:05', '2024-01-05 21:25:05', '2024-01-05 21:25:05'),(23, 23, 29, '2024-01-05 21:25:05', '2024-01-05 21:25:05', '2024-01-05 21:25:05'),(24, 24, 28, '2024-01-05 21:25:05', '2024-01-05 21:25:05', '2024-01-05 21:25:05'),(25, 25, 27, '2024-01-05 21:25:05', '2024-01-05 21:25:05', '2024-01-05 21:25:05'),(26, 26, 26, '2024-01-05 21:25:05', '2024-01-05 21:25:05', '2024-01-05 21:25:05'),(27, 27, 25, '2024-01-05 21:25:05', '2024-01-05 21:25:05', '2024-01-05 21:25:05'),(28, 28, 24, '2024-01-05 21:25:05', '2024-01-05 21:25:05', '2024-01-05 21:25:05'),(29, 29, 23, '2024-01-05 21:25:05', '2024-01-05 21:25:05', '2024-01-05 21:25:05'),(30, 30, 22, '2024-01-05 21:25:05', '2024-01-05 21:25:05', '2024-01-05 21:25:05'),(31, 31, 21, '2024-01-05 21:25:05', '2024-01-05 21:25:05', '2024-01-05 21:25:05'),(32, 32, 20, '2024-01-05 21:25:05', '2024-01-05 21:25:05', '2024-01-05 21:25:05'),(33, 33, 19, '2024-01-05 21:25:05', '2024-01-05 21:25:05', '2024-01-05 21:25:05'),(34, 34, 18, '2024-01-05 21:25:05', '2024-01-05 21:25:05', '2024-01-05 21:25:05'),(35, 35, 17, '2024-01-05 21:25:05', '2024-01-05 21:25:05', '2024-01-05 21:25:05'),(36, 36, 16, '2024-01-05 21:25:05', '2024-01-05 21:25:05', '2024-01-05 21:25:05'),(37, 37, 15, '2024-01-05 21:25:05', '2024-01-05 21:25:05', '2024-01-05 21:25:05'),(38, 38, 14, '2024-01-05 21:25:05', '2024-01-05 21:25:05', '2024-01-05 21:25:05'),(39, 39, 13, '2024-01-05 21:25:05', '2024-01-05 21:25:05', '2024-01-05 21:25:05'),(40, 40, 12, '2024-01-05 21:25:05', '2024-01-05 21:25:05', '2024-01-05 21:25:05'),(41, 41, 11, '2024-01-05 21:25:05', '2024-01-05 21:25:05', '2024-01-05 21:25:05'),(42, 42, 10, '2024-01-05 21:25:05', '2024-01-05 21:25:05', '2024-01-05 21:25:05'),(43, 43, 9, '2024-01-05 21:25:05', '2024-01-05 21:25:05', '2024-01-05 21:25:05'),(44, 44, 8, '2024-01-05 21:25:05', '2024-01-05 21:25:05', '2024-01-05 21:25:05'),(45, 45, 7, '2024-01-05 21:25:05', '2024-01-05 21:25:05', '2024-01-05 21:25:05'),(46, 46, 6, '2024-01-05 21:25:05', '2024-01-05 21:25:05', '2024-01-05 21:25:05'),(47, 47, 5, '2024-01-05 21:25:05', '2024-01-05 21:25:05', '2024-01-05 21:25:05'),(48, 48, 4, '2024-01-05 21:25:05', '2024-01-05 21:25:05', '2024-01-05 21:25:05'),(49, 49, 3, '2024-01-05 21:25:05', '2024-01-05 21:25:05', '2024-01-05 21:25:05'),(50, 50, 2, '2024-01-05 21:25:05', '2024-01-05 21:25:05', '2024-01-05 21:25:05'),(51, 51, 1, '2024-01-05 21:25:06', '2024-01-05 21:25:06', '2024-01-05 21:25:06'),(52, 1, 47, '2024-01-05 21:25:06', '2024-01-05 21:25:06', '2024-01-05 21:25:06'),(53, 2, 48, '2024-01-05 21:25:06', '2024-01-05 21:25:06', '2024-01-05 21:25:06'),(54, 3, 49, '2024-01-05 21:25:06', '2024-01-05 21:25:06', '2024-01-05 21:25:06'),(55, 4, 50, '2024-01-05 21:25:06', '2024-01-05 21:25:06', '2024-01-05 21:25:06'),(56, 5, 51, '2024-01-05 21:25:06', '2024-01-05 21:25:06', '2024-01-05 21:25:06');
UNLOCK TABLES;
COMMIT;
BEGIN;
LOCK TABLES `ground`.`post` WRITE;
DELETE FROM `ground`.`post`;
INSERT INTO `ground`.`post` (`post_id`,`mh_id`,`title`,`cntent`,`hash_tag`,`url_path`,`img_path`,`create_date`,`update_date`) VALUES (1, 1, '여의도 한강공원', '여의도 한강공원 여기 다녀옴', '#서울 #공원 #여의도 한강공원', 'https://map.naver.com/p/entry/place/13416869?lng=126.93482680000008&lat=37.52632320000017&placePath=%2Fhome&entry=plt&searchType=place&c=15.00,0,0,0,dh', 'https://search.pstatic.net/common/?src=http%3A%2F%2Fblogfiles.naver.net%2FMjAyMzExMjlfMjc1%2FMDAxNzAxMjY3MTgxMjUy.ZIwwCJn-OfCzKLuGcworjETEYlEUafthvetvz5062gUg.TYnrfWwKnWSpMe-FtaN26rLJMlJq91jGD0-n-0CzFCog.JPEG.buzafama%2F1.JPG&type=a340', '2024-01-05 20:46:49', '2024-01-05 20:46:49'),(2, 2, '서울숲', '서울숲 여기 다녀옴', '#서울 #공원 #서울숲', 'https://map.naver.com/p/search/%EC%84%9C%EC%9A%B8%EC%88%B2/place/11636039?c=15.00,0,0,0,dh&placePath=%3Fentry%253Dbmp', 'https://search.pstatic.net/common/?src=http%3A%2F%2Fblogfiles.naver.net%2FMjAyMzEyMDVfMjIg%2FMDAxNzAxNzc0OTY0MTUx.Ym02f2wRlvS0wq6tR63R5tfz0VbEydlHyv8HqxxnDxEg.UR7qun9jEZS0KX1g8MYpSaLDKbO4u_WZ498N_SXfOfIg.JPEG.edenopy%2FIMG_3798.jpg&type=a340', '2024-01-05 20:46:49', '2024-01-05 20:46:49'),(3, 3, '반포 한강공원', '반포 한강공원 여기 다녀옴', '#서울 #공원 #반포 한강공원', 'https://map.naver.com/p/entry/place/13416963?c=15.00,0,0,0,dh', 'https://search.pstatic.net/common/?src=http%3A%2F%2Fblogfiles.naver.net%2FMjAyMjA1MjlfOCAg%2FMDAxNjUzODMzNzc1NzEz.-OlnJ4jOKUxzAeNonoelORxIHKb4UHoB5vdet_BaFZAg.T-7URjvQO2xCwDxwKwCGaXjQm_uGgxyMcHCawfsCiy0g.JPEG.gmlakd0159%2FIMG_2296.jpg&type=a340', '2024-01-05 20:46:49', '2024-01-05 20:46:49'),(4, 4, '남산공원', '남산공원 여기 다녀옴', '#서울 #공원 #남산공원', 'https://map.naver.com/p/search/%EB%82%A8%EC%82%B0%EA%B3%B5%EC%9B%90/place/13087823?c=15.00,0,0,0,dh&placePath=%3Fentry%253Dbmp', 'https://search.pstatic.net/common/?src=http%3A%2F%2Fblogfiles.naver.net%2FMjAyMjA4MjFfNDIg%2FMDAxNjYxMDYyNjYzMTE4.RbsvWFn5OfABJxQSpTfTkw5mr1Sv-8yxiIldHlTtmGkg.0PthhjxBqfOZa8KxN1tuMb0FTEpuhxouN2b9CnB13UAg.JPEG.seoulhare%2F2L2A0710.jpg&type=a340', '2024-01-05 20:46:49', '2024-01-05 20:46:49'),(5, 5, '몽마르뜨공원', '몽마르뜨공원 여기 다녀옴', '#서울 #공원 #몽마르뜨공원', 'https://map.naver.com/p/entry/place/19713227?lng=127.00354474773795&lat=37.496090749980496&placePath=%2Fhome&entry=plt&searchType=place&c=15.00,0,0,0,dh', 'https://search.pstatic.net/common/?src=http%3A%2F%2Fblogfiles.naver.net%2FMjAyMDA5MDRfMTYx%2FMDAxNTk5MTU1MjYyNTAx.agAX70ysvxX6r64HmldJjshjSQO20jJdbWRTYwSatWMg.g_UCeKA95yj6wE05ms2ZJOIx4suLriVp8Za5y7eHrJYg.JPEG.jwpark79%2FIMG_9748.jpg&type=a340', '2024-01-05 20:46:49', '2024-01-05 20:46:49'),(6, 6, '구리한강시민공원', '구리한강시민공원 여기 다녀옴', '#경기 #공원 #구리한강시민공원', 'https://map.naver.com/p/entry/place/13542620?c=15.00,0,0,0,dh', 'https://search.pstatic.net/common/?src=http%3A%2F%2Fblogfiles.naver.net%2FMjAyMzEwMTFfMTU5%2FMDAxNjk2OTkwNDM1ODQ0.7BDgjiLb26HiOCn9rOp3kCOpToA0nBtpsz8jMkXvynYg._dK46EJaY0qrAB8x9E43bM9EvrSUSx2NeQ4vfVHl3osg.JPEG.bisu_skyhigh%2FR6PK0126.jpg&type=a340', '2024-01-05 20:46:49', '2024-01-05 20:46:49'),(7, 7, '갯골생태공원', '갯골생태공원 여기 다녀옴', '#경기 #공원 #갯골생태공원', 'https://map.naver.com/p/search/%EA%B0%AF%EA%B3%A8%EC%83%9D%ED%83%9C%EA%B3%B5%EC%9B%90/place/12958532?c=15.00,0,0,0,dh&placePath=%3Fentry%253Dbmp', 'https://search.pstatic.net/common/?src=http%3A%2F%2Fblogfiles.naver.net%2FMjAyMzA5MjFfMTI0%2FMDAxNjk1MjY2ODcwNDMx.tGRXa-SRhlFuMBXi7t7gT9ltF0zrGfsf5fxL7Q-_AWwg.oadsYL_Rjb8lVCndJmVQj4OmD8m-hagrmKTYvFbAfjYg.JPEG.tree824%2F5T8A1879.jpg&type=a340', '2024-01-05 20:46:49', '2024-01-05 20:46:49'),(8, 8, '일산호수공원', '일산호수공원 여기 다녀옴', '#경기 #공원 #일산호수공원', 'https://map.naver.com/p/search/%EC%9D%BC%EC%82%B0%ED%98%B8%EC%88%98%EA%B3%B5%EC%9B%90/place/1644398830?c=15.00,0,0,0,dh', 'https://search.pstatic.net/common/?src=http%3A%2F%2Fblogfiles.naver.net%2FMjAyMzA1MjJfMTA3%2FMDAxNjg0NzU1MzI5MTQ5.hHJ6X38DpbasU_eSsEltUYsvG49YaIwQ61hC2w6xmEcg.1JNi6vPSQEpX1S02m7tEOTb5G_eTFnctfgrZ84Ij--Ag.JPEG.cornucopia6%2F5.jpg&type=a340', '2024-01-05 20:46:49', '2024-01-05 20:46:49'),(9, 9, '운정호수공원', '운정호수공원 여기 다녀옴', '#경기 #공원 #운정호수공원', 'https://map.naver.com/p/search/%EC%9A%B4%EC%A0%95%ED%98%B8%EC%88%98%EA%B3%B5%EC%9B%90/place/844357801?c=15.00,0,0,0,dh&placePath=%3Fentry%253Dbmp', 'https://search.pstatic.net/common/?src=http%3A%2F%2Fblogfiles.naver.net%2FMjAyMzA0MjNfMTUy%2FMDAxNjgyMjQ3ODM4NjI3.dQjy3EiR7FYYV2KgjUQgbRikxD_P5_RI4XzVWchJ8qsg.FQFhYgUFlZRjBet6Spsfd1gr_SOo3lJ2qwBGwhZfjx0g.JPEG.kimmin1467%2FIMG_1322.jpg&type=a340', '2024-01-05 20:46:49', '2024-01-05 20:46:49'),(10, 10, '안산호수공원', '안산호수공원 여기 다녀옴', '#경기 #공원 #안산호수공원', 'https://map.naver.com/p/search/%EC%95%88%EC%82%B0%ED%98%B8%EC%88%98%EA%B3%B5%EC%9B%90/place/13491046?c=15.00,0,0,0,dh&placePath=%3Fentry%253Dbmp', 'https://search.pstatic.net/common/?src=http%3A%2F%2Fblogfiles.naver.net%2FMjAyMjA0MTJfMjE3%2FMDAxNjQ5NzA3ODIxMTA2.e_wisppvicg8M3petCTuLxaOe5TY5bcajN04DBOJwl8g.xyWWiYo5lwr1wCX616eUWUsv1lHP_7ojLtnNPymEN3cg.JPEG.llhsyy33%2F20220411_062930.jpg&type=a340', '2024-01-05 20:46:49', '2024-01-05 20:46:49'),(11, 11, '인천대공원', '인천대공원 여기 다녀옴', '#인천 #공원 #인천대공원', 'https://map.naver.com/p/search/%EC%9D%B8%EC%B2%9C%EB%8C%80%EA%B3%B5%EC%9B%90/place/12845525?c=12.00,0,0,0,dh&placePath=%3Fentry%253Dbmp', 'https://search.pstatic.net/common/?src=https%3A%2F%2Fldb-phinf.pstatic.net%2F20150831_111%2F14410289996866uDeB_JPEG%2F116359507978507_0.jpg', '2024-01-05 20:46:49', '2024-01-05 20:46:49'),(12, 12, '인천나비공원', '인천나비공원 여기 다녀옴', '#인천 #공원 #인천나비공원', 'https://map.naver.com/p/search/%EC%9D%B8%EC%B2%9C%EB%82%98%EB%B9%84%EA%B3%B5%EC%9B%90/place/13319248?c=15.00,0,0,0,dh&placePath=%3Fentry%253Dbmp', 'https://search.pstatic.net/common/?src=http%3A%2F%2Fblogfiles.naver.net%2FMjAxNzA5MTdfMTIg%2FMDAxNTA1NjE0OTk2MTE5.gvQNK_EaYn6EDIXorxibBcANk6IA8bu6LAhUutYiwUQg.kYU0uvWtH2MmNLiwJS3aphopM3REtNXxcgZ6CEbHGeEg.JPEG.withbupyeong%2FDSC03535.JPG%233936x2624', '2024-01-05 20:46:49', '2024-01-05 20:46:49'),(13, 13, '수봉공원', '수봉공원 여기 다녀옴', '#인천 #공원 #수봉근린공원', 'https://map.naver.com/p/search/%EC%88%98%EB%B4%89%EA%B3%B5%EC%9B%90/place/13184379?c=15.88,0,0,0,dh', 'https://search.pstatic.net/common/?src=http%3A%2F%2Fblogfiles.naver.net%2FMjAxNzExMjFfMTE0%2FMDAxNTExMjUwMzgxNDM4.zahOs-LVZ8u9uxjjUsakzyLgL2D9ArONj0F_dSlHjIUg.y1yJwu8YT96UtuSnu7mRV14eLZyzerdYPP_bwoi4hmAg.JPEG.incheontogi%2F3.JPG%23773x515', '2024-01-05 20:46:49', '2024-01-05 20:46:49'),(14, 14, '솔찬공원', '솔찬공원 여기 다녀옴', '#인천 #공원 #솔찬공원', 'https://map.naver.com/p/entry/place/1787286963?c=15.00,0,0,0,dh', 'https://search.pstatic.net/common/?src=http%3A%2F%2Fblogfiles.naver.net%2FMjAxODA2MjFfNjkg%2FMDAxNTI5NTM3Mjk2NzQ3.SEsIyHljk9YzucV8iyqhJ--UzgPkGDDsSnbGzsEnaJ0g.6n8DUTwdvDLQwDei3b_pAD9oFFOD8KQLRsVc0M64CWQg.JPEG.song82499%2F20180620_190250.jpg%232016x1512', '2024-01-05 20:46:49', '2024-01-05 20:46:49'),(15, 15, '부평공원', '부평공원 여기 다녀옴', '#인천 #공원 #부평공원', 'https://map.naver.com/p/entry/place/11622414?c=15.00,0,0,0,dh', 'https://search.pstatic.net/common/?src=https%3A%2F%2Fpup-review-phinf.pstatic.net%2FMjAyMzExMTlfMjIx%2FMDAxNzAwMzcyNDc5NzA3.bTXFCpiQaEdcfTgtf7MtwTustb9Ti_gaTi2xKVh_jMwg.hZdJhfg988f7czkkQETq_5aLH31XZWCqcoCfM2kuqdsg.JPEG%2F20231119_144028.jpg.jpg', '2024-01-05 20:46:49', '2024-01-05 20:46:49'),(16, 16, '부산시민공원', '부산시민공원 여기 다녀옴', '#부산# 공원 #부산시민공원', 'https://map.naver.com/p/entry/place/12228256?c=15.00,0,0,0,dh', 'https://search.pstatic.net/common/?src=http%3A%2F%2Fblogfiles.naver.net%2FMjAyMzEwMTVfMTU2%2FMDAxNjk3MzQzNzc3NDk1.qSWQPOTfP9kjfwc9LK_S38JwzUuSRQWs_WX-hTBCZMQg.tQxLbibhz9wVFc0VazLQrU8IzDwLSC7S1FA5hB1XyXYg.JPEG.smk990527%2F20231014_150153.jpg&type=a340', '2024-01-05 20:46:49', '2024-01-05 20:46:49'),(17, 17, '금강공원', '금강공원 여기 다녀옴', '#부산 #공원 #금강공원', 'https://map.naver.com/p/entry/place/12391948?c=15.00,0,0,0,dh', 'https://search.pstatic.net/common/?src=http%3A%2F%2Fblogfiles.naver.net%2FMjAyMzExMjhfNjQg%2FMDAxNzAxMTcyMjM0MTM3.11I0eP9gy2H0k88fR2ziVjn0PnlK5QrfwQqsn112uwwg.gtsdT3VxH1XQag_ck6mS60qgXMsh_Vuv7crAKCd05tgg.JPEG.chung2743%2FA7405243.jpg&type=a340', '2024-01-05 20:46:49', '2024-01-05 20:46:49'),(18, 18, '온천천 시민공원', '온천천 시민공원 여기 다녀옴', '#부산 #공원 #온천천 시민공원', 'https://map.naver.com/p/entry/place/16958542?c=15.00,0,0,0,dh', 'https://search.pstatic.net/common/?src=http%3A%2F%2Fblogfiles.naver.net%2F20160405_47%2Fjjikonge_1459843632704zPBrq_JPEG%2FIMG_7136.JPG&type=a340', '2024-01-05 20:46:49', '2024-01-05 20:46:49'),(19, 19, '어린이대공원', '어린이대공원 여기 다녀옴', '#부산 #공원 #어린이대공원', 'https://map.naver.com/p/entry/place/11728756?c=15.00,0,0,0,dh', 'https://search.pstatic.net/common/?src=http%3A%2F%2Fimgnews.naver.net%2Fimage%2F658%2F2023%2F06%2F04%2F0000042785_001_20230604081701584.jpg&type=a340', '2024-01-05 20:46:49', '2024-01-05 20:46:49'),(20, 20, '부산민주공원', '부산민주공원 여기 다녀옴', '#부산 #공원 #부산민주공원', 'https://map.naver.com/p/entry/place/12104874?c=15.00,0,0,0,dh', 'https://search.pstatic.net/common/?src=http%3A%2F%2Fblogfiles.naver.net%2Fdata18%2F2007%2F2%2F28%2F159%2Fimg_0005-liechar.jpg&type=a340', '2024-01-05 20:46:49', '2024-01-05 20:46:49'),(21, 21, '광주호 호수생태원', '광주호 호수생태원 여기 다녀옴', '#광주 #공원 #광주호 호수생태원', 'https://map.naver.com/p/entry/place/20027727?c=15.00,0,0,0,dh', 'https://search.pstatic.net/common/?src=http%3A%2F%2Fblogfiles.naver.net%2FMjAyMzA0MTFfNTIg%2FMDAxNjgxMTc2ODkxNTcz.Zl5Yj1bYLCsy4gFWvr-pdwDXajDPWenC0HqTKbVtLlkg.rmA-O7rV4RU4MomtesIzpuFHvOaTgEAcQXRS3IrixHYg.JPEG.eorhks486%2FIMG_9536.jpg&type=a340', '2024-01-05 20:46:49', '2024-01-05 20:46:49'),(22, 22, '무등산 국립공원', '무등산 국립공원 여기 다녀옴', '#광주 #공원 #무등산 국립공원', 'https://map.naver.com/p/entry/place/250957178?c=15.00,0,0,0,dh', 'https://search.pstatic.net/common/?src=http%3A%2F%2Fblogfiles.naver.net%2F20150612_257%2Famawin_14341030572990yGAQ_JPEG%2FDSC04259.JPG&type=a340', '2024-01-05 20:46:49', '2024-01-05 20:46:49'),(23, 23, '5.18자유공원', '5.18자유공원 여기 다녀옴', '#광주 #공원 #5.18자유공원', 'https://map.naver.com/p/entry/place/19699817?c=15.00,0,0,0,dh', 'https://search.pstatic.net/common/?src=http%3A%2F%2Fblogfiles.naver.net%2F20151002_299%2Faingjoa1104_1443797499843QflBW_JPEG%2F20150709_154951.jpg&type=a340', '2024-01-05 20:46:49', '2024-01-05 20:46:49'),(24, 24, '상무조각공원', '상무조각공원 여기 다녀옴', '#광주 #공원 #상무조각공원', 'https://map.naver.com/p/entry/place/16278610?c=15.00,0,0,0,dh', 'https://search.pstatic.net/common/?src=http%3A%2F%2Fblogfiles.naver.net%2FMjAyMzA5MDZfODkg%2FMDAxNjkzOTc0NTAzMTMy.E0G4quLNtDLOg7dMYrea5V-l7B86ImobclqtdAzX00gg.yQlNDgvIrPB_Eosxql-K_gazaWXk34_lM6ErALl91egg.JPEG.happykiss4u%2FDSC04496.JPG&type=a340', '2024-01-05 20:46:49', '2024-01-05 20:46:49'),(25, 25, '쌍암공원', '쌍암공원 여기 다녀옴', '#광주 #공원 #쌍암공원', 'https://map.naver.com/p/entry/place/19828339?c=15.00,0,0,0,dh', 'https://search.pstatic.net/common/?src=http%3A%2F%2Fblogfiles.naver.net%2FMjAyMjA0MDdfNDIg%2FMDAxNjQ5Mjk1MzgzNDMy.JxyrLC1Isyi9OEbBAfBqpFZNHD6fCd_V7uWQUB-J93og.nqrTwUDVw-BX6UJFNo6Fmm7HxhEAHo-JyCJ1cfgGzewg.JPEG.birth1012%2FIMG_8155.jpg&type=a340', '2024-01-05 20:46:49', '2024-01-05 20:46:49'),(26, 1, '런던베이글뮤지엄 안국점', '런던베이글뮤지엄 안국점 여기 다녀옴', '#서울 #카페 #런던베이글뮤지엄 안국점', 'https://map.naver.com/p/search/%EB%9F%B0%EB%8D%98%EB%B2%A0%EC%9D%B4%EA%B8%80%EB%AE%A4%EC%A7%80%EC%97%84%20%EC%95%88%EA%B5%AD%EC%A0%90/place/1466975947?c=15.00,0,0,0,dh&isCorrectAnswer=true', 'https://search.pstatic.net/common/?src=https%3A%2F%2Fldb-phinf.pstatic.net%2F20220704_43%2F1656921868777Yvw5j_JPEG%2F0E7A7647.jpg', '2024-01-05 20:46:49', '2024-01-05 20:46:49'),(27, 2, '더 스팟 패뷸러스', '더 스팟 패뷸러스 여기 다녀옴', '#서울 #카페 #더 스팟 패뷸러스', 'https://map.naver.com/p/search/%EB%8D%94%20%EC%8A%A4%ED%8C%9F%20%ED%8C%A8%EB%B7%B8%EB%9F%AC%EC%8A%A4/place/181633326?c=15.00,0,0,0,dh&isCorrectAnswer=true', 'https://search.pstatic.net/common/?src=https%3A%2F%2Fldb-phinf.pstatic.net%2F20200117_10%2F1579266380177M2JLY_JPEG%2FkCWopnX-fm4IDubRsf0g9Goa.jpg', '2024-01-05 20:46:49', '2024-01-05 20:46:49'),(28, 3, '몰또 이탈리안 에스프레소바', '몰또 이탈리안 에스프레소바 여기 다녀옴', '#서울 #카페 #몰또 이탈리안 에스프레소바', 'https://map.naver.com/p/search/%EB%AA%B0%EB%98%90%20%EC%9D%B4%ED%83%88%EB%A6%AC%EC%95%88%20%EC%97%90%EC%8A%A4%ED%94%84%EB%A0%88%EC%86%8C%EB%B0%94/place/1430587054?c=15.00,0,0,0,dh&isCorrectAnswer=true', 'https://search.pstatic.net/common/?src=https%3A%2F%2Fldb-phinf.pstatic.net%2F20220902_198%2F1662093137417QKWC8_JPEG%2FCDF8DB12-910C-4162-828C-CBFC09779A50.JPG', '2024-01-05 20:46:49', '2024-01-05 20:46:49'),(29, 4, '서울앵무새', '서울앵무새 여기 다녀옴', '#서울 #카페 #서울앵무새', 'https://map.naver.com/p/search/%EC%84%9C%EC%9A%B8%EC%95%B5%EB%AC%B4%EC%83%88/place/1240372795?c=15.00,0,0,0,dh', 'https://search.pstatic.net/common/?src=https%3A%2F%2Fldb-phinf.pstatic.net%2F20210406_229%2F1617678576764wTEdU_JPEG%2FASP6AhIjiay3vp_MBfIKVlbq.jpg', '2024-01-05 20:46:49', '2024-01-05 20:46:49'),(30, 5, '도토리', '도토리 여기 다녀옴', '#서울 #카페 #도토리', 'https://map.naver.com/p/search/%EB%8F%84%ED%86%A0%EB%A6%AC/place/1072787710?c=15.00,0,0,0,dh&placePath=%3Fentry%253Dbmp', 'https://search.pstatic.net/common/?src=https%3A%2F%2Fpup-review-phinf.pstatic.net%2FMjAyMzEyMjdfOTUg%2FMDAxNzAzNjQzODg0NDQ5.9LNWbmoWrnRtuDZqn48b93skZYAtZK9R3SY6X4YJEQ8g.ilL5mwVIi90N6gtZAh--KrySp8uDkkIH6iHHNGiKAGUg.JPEG%2F20231227_103021.jpg', '2024-01-05 20:46:49', '2024-01-05 20:46:49'),(31, 6, '뮌스터담', '뮌스터담 여기 다녀옴', '#경기 #카페 #뭔스터담', 'https://map.naver.com/p/search/%EB%AD%94%EC%8A%A4%ED%84%B0%EB%8B%B4/place/1649644454?c=15.00,0,0,0,dh&isCorrectAnswer=true', 'https://search.pstatic.net/common/?src=http%3A%2F%2Fblogfiles.naver.net%2FMjAyNDAxMDNfMjMy%2FMDAxNzA0MjQ5NjEyMDcz.h50xMS9-MTG6b2VUkAEWeTd9HH-yDNtZBxDt-mNRrg8g.rFwOE55MNHLAoLOUgwsS46xqmz5euNh84PEHYxoqhagg.JPEG.kodimsum%2FKakaoTalk_20240103_100613752_03.jpg', '2024-01-05 20:46:49', '2024-01-05 20:46:49'),(32, 7, '포지티브 스페이스566', '포지티브 스페이스566 여기 다녀옴', '#경기 #카페 #포지티브 스페이스566', 'https://map.naver.com/p/search/%ED%8F%AC%EC%A7%80%ED%8B%B0%EB%B8%8C%20%EC%8A%A4%ED%8E%98%EC%9D%B4%EC%8A%A4566/place/1448850546?c=15.00,0,0,0,dh&isCorrectAnswer=true', 'https://search.pstatic.net/common/?src=https%3A%2F%2Fldb-phinf.pstatic.net%2F20221108_186%2F1667876891250GeqEC_JPEG%2FKakaoTalk_20221103_153627156_03.jpg', '2024-01-05 20:46:49', '2024-01-05 20:46:49'),(33, 8, '포레스트아웃팅스', '포레스트아웃팅스 여기 다녀옴', '#경기 #카페 #포레스트아웃팅스', 'https://map.naver.com/p/search/%ED%8F%AC%EB%A0%88%EC%8A%A4%ED%8A%B8%EC%95%84%EC%9B%83%ED%8C%85%EC%8A%A4?c=15.00,0,0,0,dh', 'https://search.pstatic.net/common/?src=http%3A%2F%2Fblogfiles.naver.net%2FMjAyMzA0MTVfMjEw%2FMDAxNjgxNTM5NjM0MDc0.LnGyuRkGzNilh4VUb-AU_HJ2I_aTlHA8Wo2GQ93I2J0g.gLIyPaP0KsRB-e38j5EDNLNnenUplprH9CKzTnuCpYgg.JPEG.chr9502%2F1502558683_14.jpg', '2024-01-05 20:46:49', '2024-01-05 20:46:49'),(34, 9, '닉센', '닉센 여기 다녀옴', '#경기 #카페 #닉센', 'https://map.naver.com/p/search/%EB%8B%89%EC%84%BC?c=15.00,0,0,0,dh', 'https://search.pstatic.net/common/?src=https%3A%2F%2Fldb-phinf.pstatic.net%2F20230928_290%2F1695879330987qhlla_JPEG%2FIMG_2514.jpeg', '2024-01-05 20:46:49', '2024-01-05 20:46:49'),(35, 10, '카페 대너리스', '카페 대너리스 여기 다녀옴', '#경기 #카페 #카페 대너리스', 'https://map.naver.com/p/search/%EC%B9%B4%ED%8E%98%20%EB%8C%80%EB%84%88%EB%A6%AC%EC%8A%A4?c=15.00,0,0,0,dh', 'https://search.pstatic.net/common/?src=https%3A%2F%2Fldb-phinf.pstatic.net%2F20200811_3%2F1597146110616FgOq3_JPEG%2Fqj-GxEEF8qa4BXB6u-IOgS-D.jpg', '2024-01-05 20:46:49', '2024-01-05 20:46:49'),(36, 11, '프란쓰', '프란쓰 여기 다녀옴', '#인천 #카페 #프란쓰', 'https://map.naver.com/p/entry/place/1857280676?c=15.00,0,0,0,dh', 'https://search.pstatic.net/common/?src=http%3A%2F%2Fblogfiles.naver.net%2FMjAyMzA5MDNfMTkw%2FMDAxNjkzNzQwNjY3MDcz.RAtkgFMmhzM6P-SVskpdn5OEqI-00x4PiCut8-5tJJkg.8VLhA1t_beHUW-khzTQuy9_1yLJQzkv981Brax-I7tMg.JPEG.flyinglmj301%2FIMG_6330.jpg&type=a340', '2024-01-05 20:46:49', '2024-01-05 20:46:49'),(37, 12, '블랙펄커피', '블랙펄커피 여기 다녀옴', '#인천 #카페 #블랙펄커피', 'https://map.naver.com/p/entry/place/1115209113?c=15.00,0,0,0,dh', 'https://search.pstatic.net/common/?src=http%3A%2F%2Fblogfiles.naver.net%2FMjAyMDA5MDhfMjky%2FMDAxNTk5NTYyOTQ1NDA2.mLHumnKe0fs7vbiUwxUnM_3r_TEyZ1FA_uThsAS4CfUg.PhzFfiLiO6AbGoVI8jH7PEnFtP6tqcvUil8FGWD7YK0g.JPEG.jeewon8978%2FIMG_8244.jpg&type=a340', '2024-01-05 20:46:49', '2024-01-05 20:46:49'),(38, 13, '브레댄코', '브레댄코 여기 다녀옴', '#인천 #카페 #브레댄코', 'https://map.naver.com/p/entry/place/1527881879?c=15.00,0,0,0,dh', 'https://search.pstatic.net/common/?src=http%3A%2F%2Fblogfiles.naver.net%2FMjAyMzAyMjBfNzgg%2FMDAxNjc2ODU2MzEyMzcx.PsEYrrr84WvhqGPJxLrT7eUxQD-wOtT_UcfeWhPlNYAg.4d3qjGD0yXkOkTNL_PBqwxhoe7jjCnIr79eD6Z5dr6og.JPEG.qkrthdudgkg1%2FIMG_3363.jpg&type=a340', '2024-01-05 20:46:49', '2024-01-05 20:46:49'),(39, 14, '카페리프', '카페리프 여기 다녀옴', '#인천 #카페 #카페리프', 'https://map.naver.com/p/entry/place/38781249?c=15.00,0,0,0,dh', 'https://search.pstatic.net/common/?src=http%3A%2F%2Fblogfiles.naver.net%2FMjAxOTA0MDZfMjQ3%2FMDAxNTU0NTExMTg5NjYz.2df6i6a5J4fmeyYDsBng5OSlgEq71YB2zBHWtCDCtTEg.wKtK4TwJiku_oYoXv78IQ2NMrxorPyHxVkNrN0l2m4cg.JPEG.justpar%2F20190403_124117.jpg&type=a340', '2024-01-05 20:46:49', '2024-01-05 20:46:49'),(40, 15, '엠바웃', '엠바웃 여기 다녀옴', '#인천 #카페 #엠바웃', 'https://map.naver.com/p/entry/place/842628194?c=15.00,0,0,0,dh', 'https://search.pstatic.net/common/?src=http%3A%2F%2Fblogfiles.naver.net%2FMjAxNzEyMTRfMjM1%2FMDAxNTEzMjM4OTA3Mjcz.1jdbvwoNmO1NmMh8UDNc7NQ9ITCpsuEjDkV7C8Xm7OEg.ZNbbkG-Gbtk5nfM9J8LbWOYG_M1Ia2gy0zM1B4E3AI0g.JPEG.art077%2FIMG_2514.JPG&type=a340', '2024-01-05 20:46:49', '2024-01-05 20:46:49'),(41, 16, '에낭 부산점', '에낭 부산점여기 다녀옴', '#부산 #카페 #에낭 부산점', 'https://map.naver.com/p/search/%EB%B6%80%EC%82%B0%EC%B9%B4%ED%8E%98/place/1157845486?c=9.00,0,0,0,dh&placePath=%3Fentry%253Dbmp%2526n_ad_group_type%253D10%2526n_query%253D%2525EB%2525B6%252580%2525EC%252582%2525B0%2525EC%2525B9%2525B4%2525ED%25258E%252598', 'https://search.pstatic.net/common/?src=https%3A%2F%2Fldb-phinf.pstatic.net%2F20230510_241%2F1683695074928wvNQa_JPEG%2FIMG_2441.jpeg', '2024-01-05 20:46:49', '2024-01-05 20:46:49'),(42, 17, '티티티', '티티티 여기 다녀옴', '#부산 #카페 #티티티', 'https://map.naver.com/p/search/%EB%B6%80%EC%82%B0%EC%B9%B4%ED%8E%98/place/1192699223?c=9.00,0,0,0,dh&placePath=%3Fentry%253Dbmp%2526n_ad_group_type%253D10%2526n_query%253D%2525EB%2525B6%252580%2525EC%252582%2525B0%2525EC%2525B9%2525B4%2525ED%25258E%252598', 'https://search.pstatic.net/common/?src=https%3A%2F%2Fldb-phinf.pstatic.net%2F20221220_167%2F1671468385506oKphw_JPEG%2F_PAC9245.jpg', '2024-01-05 20:46:49', '2024-01-05 20:46:49'),(43, 18, '웨이브온 커피', '웨이브온 커피 여기 다녀옴', '#부산 #카페 #웨이브온 커피', 'https://map.naver.com/p/search/%EB%B6%80%EC%82%B0%EC%B9%B4%ED%8E%98/place/859310081?c=9.00,0,0,0,dh&placePath=%3Fentry%253Dbmp', 'https://search.pstatic.net/common/?src=https%3A%2F%2Fldb-phinf.pstatic.net%2F20190722_119%2F1563796821623Lw2Ab_JPEG%2F35_H443GCvUfiYfMROeq8sjV.jpg', '2024-01-05 20:46:49', '2024-01-05 20:46:49'),(44, 19, '칠암사계', '칠암사계 여기 다녀옴', '#부산 #카페 #칠암사계', 'https://map.naver.com/p/search/%EB%B6%80%EC%82%B0%EC%B9%B4%ED%8E%98/place/1101934691?c=9.00,0,0,0,dh&placePath=%3Fentry%253Dbmp', 'https://search.pstatic.net/common/?src=https%3A%2F%2Fldb-phinf.pstatic.net%2F20220104_209%2F16412869886359KN5f_JPEG%2F%25C5%25A9%25B1%25E2%25BA%25AF%25C8%25AFIMGL1775-0.jpg', '2024-01-05 20:46:49', '2024-01-05 20:46:49'),(45, 20, '피크스퀘어', '피크스퀘어 여기 다녀옴', '#부산 #카페 #피크스퀘어', 'https://map.naver.com/p/search/%EB%B6%80%EC%82%B0%EC%B9%B4%ED%8E%98/place/1117214176?c=9.00,0,0,0,dh&placePath=%3Fentry%253Dbmp', 'https://search.pstatic.net/common/?src=https%3A%2F%2Fldb-phinf.pstatic.net%2F20220906_47%2F166244561783326JRH_JPEG%2F1662437562470-0.jpg', '2024-01-05 20:46:49', '2024-01-05 20:46:49'),(46, 21, '파트 오브 런던', '파트 오브 런던 여기 다녀옴', '#광주 #카페 #파트 오브 런던', 'https://map.naver.com/p/search/%ED%8C%8C%ED%8A%B8%20%EC%98%A4%EB%B8%8C%20%EB%9F%B0%EB%8D%98/place/1819973744?c=15.00,0,0,0,dh&isCorrectAnswer=true', 'https://search.pstatic.net/common/?src=http%3A%2F%2Fblogfiles.naver.net%2FMjAyMzEwMjlfMjc1%2FMDAxNjk4NTY2Njk3MjQz.8zvDQD3NBUv2ZHadTM7EE7V6tSfkWVGmkvtdZHQNXJog.sVqEZjdsDihz5XHcWDsaZaeq3wv4YR0IXUi2m8FLVmIg.JPEG.kksh7367%2FIMG_5822.jpg', '2024-01-05 20:46:49', '2024-01-05 20:46:49'),(47, 22, 'GT커피', 'GT커피 여기 다녀옴', '#광주 #카페 #GT커피', 'https://map.naver.com/p/search/GT%EC%BB%A4%ED%94%BC?c=15.00,0,0,0,dh', 'https://search.pstatic.net/common/?src=https%3A%2F%2Fldb-phinf.pstatic.net%2F20220321_132%2F1647869051177PUNPR_JPEG%2F12CF592A-9388-46A0-AFAA-D6DDF669CA09.jpeg', '2024-01-05 20:46:49', '2024-01-05 20:46:49'),(48, 23, '호양호림', '호양호림 여기 다녀옴', '#광주 #카페 #호양호림', 'https://map.naver.com/p/search/%ED%98%B8%EC%96%91%ED%98%B8%EB%A6%BC/place/1243232822?c=15.00,0,0,0,dh&isCorrectAnswer=true', 'https://search.pstatic.net/common/?src=https%3A%2F%2Fldb-phinf.pstatic.net%2F20220502_134%2F16514643268028owvc_JPEG%2FF5BBE1D9-9E42-4DEE-A0BE-D2632CB72623.jpeg', '2024-01-05 20:46:49', '2024-01-05 20:46:49'),(49, 24, '올모', '올모 여기 다녀옴', '#광주 #카페 #올모', 'https://map.naver.com/p/search/%EC%98%AC%EB%AA%A8?c=15.00,0,0,0,dh', 'https://search.pstatic.net/common/?src=http%3A%2F%2Fblogfiles.naver.net%2FMjAyMzEyMTRfMTA0%2FMDAxNzAyNDgxNDEzMjk5.bOI0UTWh7syFl402Ph3X8FSIobaqFWB06L2vcJeQCsAg.-8vp26tRJWWuJC-FPFIy2n2pRhJ66k6jhqm_fyC2x-8g.JPEG.sookilove000%2F20231201%25A3%25DF132242.jpg', '2024-01-05 20:46:49', '2024-01-05 20:46:49'),(50, 25, '플로리다', '플로리다 여기 다녀옴', '#광주 #카페 #플로리다', 'https://map.naver.com/p/search/%ED%94%8C%EB%A1%9C%EB%A6%AC%EB%8B%A4?c=15.00,0,0,0,dh', 'https://search.pstatic.net/common/?src=https%3A%2F%2Fpup-review-phinf.pstatic.net%2FMjAyMzEyMzFfOTgg%2FMDAxNzA0MDIwNzIwNjAz.WJ1zmwPeucDijEaOlqB5h72v9RiqqofrXEMpU4cnPx4g.gH8lkh5xOWFVqswqhFg6A8NYqGXuHfY8LaqFqOlWVpsg.JPEG%2F20231231_160849.jpg.jpg', '2024-01-05 20:46:49', '2024-01-05 20:46:49'),(51, 1, '애플하우스', '애플하우스 여기 다녀옴', '#서울 #맛집 #애플하우스', 'https://map.naver.com/p/entry/place/12873924?c=14.65,0,0,0,dh', 'https://search.pstatic.net/common/?src=https%3A%2F%2Fldb-phinf.pstatic.net%2F20220825_190%2F16614317215947q1nP_JPEG%2F56963FEB-7922-4361-ABA7-FF746355F0DD.jpeg', '2024-01-05 20:48:27', '2024-01-05 20:48:27'),(52, 2, '까르니브라질그릴', '까르니브라질그릴 여기 다녀옴', '#서울 #맛집 #까르니브라질그릴 ', 'https://map.naver.com/p/entry/place/1163576582?c=18.26,0,0,0,dh', 'https://search.pstatic.net/common/?src=https%3A%2F%2Fldb-phinf.pstatic.net%2F20190718_174%2F1563421955803EWTyL_JPEG%2FKOx083nMkysYwvOvex0XYEYx.jpeg.jpg', '2024-01-05 20:48:27', '2024-01-05 20:48:27'),(53, 3, '파이브가이즈 여의도', '파이브가이즈 여의도 여기 다녀옴', '#서울 #맛집 #파이브가이즈 여의도', 'https://map.naver.com/p/search/%EC%84%9C%EC%9A%B8%EB%A7%9B%EC%A7%91/place/1092528783?c=11.81,0,0,0,dh&placePath=%3Fentry%3Dbmp', 'https://search.pstatic.net/common/?src=https%3A%2F%2Fldb-phinf.pstatic.net%2F20231012_86%2F1697077507089lRnWF_JPEG%2F__001715%2528%25C0%25FA%2529.jpg', '2024-01-05 20:48:27', '2024-01-05 20:48:27'),(54, 4, '서울신라호텔 더 파크뷰', '서울신라호텔 더 파크뷰 여기 다녀옴', '#서울 #맛집 #서울신라호텔 더 파크뷰 ', 'https://map.naver.com/p/search/%EC%84%9C%EC%9A%B8%EB%A7%9B%EC%A7%91/place/13166754?c=11.81,0,0,0,dh&placePath=%3Fentry%3Dbmp', 'https://search.pstatic.net/common/?src=https%3A%2F%2Fldb-phinf.pstatic.net%2F20171130_30%2F1512046947127eEc08_JPEG%2F0000_.jpg', '2024-01-05 20:48:27', '2024-01-05 20:48:27'),(55, 5, '웨스틴 조선 서울 아리아', '웨스틴 조선 서울 아리아 여기 다녀옴', '#서울 #맛집 #웨스틴 조선 서울 아리아', 'https://map.naver.com/p/search/%EC%84%9C%EC%9A%B8%EB%A7%9B%EC%A7%91/place/11714851?c=12.05,0,0,0,dh&placePath=%3Fentry%3Dbmp', 'https://search.pstatic.net/common/?src=https%3A%2F%2Fldb-phinf.pstatic.net%2F20160422_143%2F1461290601675xgUbw_JPEG%2F2013_Aria_1_high.jpg', '2024-01-05 20:48:27', '2024-01-05 20:48:27'),(56, 6, '도선재', '도선재 여기 다녀옴', '#경기 #맛집 #도선재', 'https://map.naver.com/p/search/%EA%B2%BD%EA%B8%B0%EB%A7%9B%EC%A7%91/place/36849644?c=9.04,0,0,0,dh&placePath=%3Fentry%3Dbmp', 'https://search.pstatic.net/common/?src=https%3A%2F%2Fldb-phinf.pstatic.net%2F20230915_165%2F1694705573684cWOXb_JPEG%2FIMG_3836.jpeg', '2024-01-05 20:48:27', '2024-01-05 20:48:27'),(57, 7, '풍천장어전문', '풍천장어전문 여기 다녀옴', '#경기 #맛집 #풍천장어전문', 'https://map.naver.com/p/search/%EA%B2%BD%EA%B8%B0%EB%A7%9B%EC%A7%91/place/11867593?c=9.57,0,0,0,dh&placePath=%3Fentry%3Dbmp', 'https://search.pstatic.net/common/?src=https%3A%2F%2Fldb-phinf.pstatic.net%2F20151005_20%2F1444039542973iA95f_JPEG%2F166955593556232_11.jpg', '2024-01-05 20:48:27', '2024-01-05 20:48:27'),(58, 8, '두물머리연핫도그', '두물머리연핫도그 여기 다녀옴', '#경기 #맛집 #두물머리연핫도그', 'https://map.naver.com/p/search/%EA%B2%BD%EA%B8%B0%EB%A7%9B%EC%A7%91/place/37929896?c=9.57,0,0,0,dh&placePath=%3Fentry%3Dbmp', 'https://search.pstatic.net/common/?src=https%3A%2F%2Fldb-phinf.pstatic.net%2F20170920_178%2F1505873350047bOjS3_JPEG%2FrCVm6O-l5nt1LsF0pUVXHjGX.jpg', '2024-01-05 20:48:27', '2024-01-05 20:48:27'),(59, 9, '아르페지오', '아르페지오 여기 다녀옴', '#경기 #맛집 #아르페지오', 'https://map.naver.com/p/search/%EA%B2%BD%EA%B8%B0%EB%A7%9B%EC%A7%91/place/19862030?c=9.57,0,0,0,dh&placePath=%3Fentry%3Dbmp', 'https://search.pstatic.net/common/?src=https%3A%2F%2Fldb-phinf.pstatic.net%2F20231222_122%2F1703235163770cWAGN_JPEG%2F01.jpg', '2024-01-05 20:48:27', '2024-01-05 20:48:27'),(60, 10, '초이다이닝 수원행궁점', '초이다이닝 수원행궁점 여기 다녀옴', '#경기 #맛집 #초이다이닝 수원행궁점', 'https://map.naver.com/p/search/%EA%B2%BD%EA%B8%B0%EB%A7%9B%EC%A7%91/place/1033454591?c=9.57,0,0,0,dh&placePath=%3Fentry%3Dbmp', 'https://search.pstatic.net/common/?src=https%3A%2F%2Fldb-phinf.pstatic.net%2F20230320_70%2F1679274326108NIMee_JPEG%2F3.jpeg', '2024-01-05 20:48:27', '2024-01-05 20:48:27'),(61, 11, '맛을담은강된장', '맛을담은강된장 여기 다녀옴', '#인천 #맛집 #맛을담은강된장', 'https://map.naver.com/p/search/%EC%9D%B8%EC%B2%9C%EB%A7%9B%EC%A7%91/place/1023302482?c=8.00,0,0,0,dh&placePath=%3Fentry%253Dbmp', 'https://search.pstatic.net/common/?src=https%3A%2F%2Fldb-phinf.pstatic.net%2F20181108_50%2F1541672994089t7o8K_JPEG%2FKKxvP9gYA8YpYpU4sT1ISoLc.jpg', '2024-01-05 20:48:27', '2024-01-05 20:48:27'),(62, 12, '꼬니네 회 조개구이식당', '꼬니네 회 조개구이식당여기 다녀옴', '#인천 #맛집 #꼬니네 회 조개구이식당', 'https://map.naver.com/p/search/%EC%9D%B8%EC%B2%9C%EB%A7%9B%EC%A7%91/place/1269899440?c=8.00,0,0,0,dh&placePath=%3Fentry%253Dbmp', 'https://search.pstatic.net/common/?src=https%3A%2F%2Fldb-phinf.pstatic.net%2F20230308_114%2F1678274323626LSpQ1_JPEG%2FIMG_1103.jpg', '2024-01-05 20:48:27', '2024-01-05 20:48:27'),(63, 13, '은행나무집', '은행나무집 여기 다녀옴', '#인천 #맛집 #은행나무집', 'https://map.naver.com/p/search/%EC%9D%B8%EC%B2%9C%EB%A7%9B%EC%A7%91/place/11577491?c=8.00,0,0,0,dh&placePath=%3Fentry%253Dbmp', 'https://search.pstatic.net/common/?src=https%3A%2F%2Fldb-phinf.pstatic.net%2F20210624_166%2F1624497864471xB6or_JPEG%2FulUeaDxNWhufYOxEVSH-mz7-.jpg', '2024-01-05 20:48:27', '2024-01-05 20:48:27'),(64, 14, '숙성명작', '숙성명작 여기 다녀옴', '#인천 #맛집 #숙성명작', 'https://map.naver.com/p/search/%EC%9D%B8%EC%B2%9C%EB%A7%9B%EC%A7%91/place/37754863?c=8.00,0,0,0,dh&placePath=%3Fentry%253Dbmp%2526n_ad_group_type%253D10%2526n_query%253D%2525EC%25259D%2525B8%2525EC%2525B2%25259C%2525EB%2525A7%25259B%2525EC%2525A7%252591', 'https://search.pstatic.net/common/?src=https%3A%2F%2Fldb-phinf.pstatic.net%2F20161020_172%2F1476974216426AJ8V6_JPEG%2F176970636676191_0.jpeg', '2024-01-05 20:48:27', '2024-01-05 20:48:27'),(65, 15, '우치노카츠', '우치노카츠 여기 다녀옴', '#인천 #맛집 #우치노카츠', 'https://map.naver.com/p/search/%EC%9D%B8%EC%B2%9C%EB%A7%9B%EC%A7%91/place/1735963078?c=8.00,0,0,0,dh&placePath=%3Fentry%253Dbmp%2526n_ad_group_type%253D10%2526n_query%253D%2525EC%25259D%2525B8%2525EC%2525B2%25259C%2525EB%2525A7%25259B%2525EC%2525A7%252591', 'https://search.pstatic.net/common/?src=https%3A%2F%2Fldb-phinf.pstatic.net%2F20221213_119%2F1670932775939NPh4l_JPEG%2FAA8A7F18-2177-4341-B51E-9C8EB5CC06DF.jpeg', '2024-01-05 20:48:27', '2024-01-05 20:48:27'),(66, 16, '본전돼지국밥', '본전돼지국밥 여기 다녀옴', '#부산 #맛집 #본전돼지국밥', 'https://map.naver.com/p/search/%EB%B6%80%EC%82%B0%EB%A7%9B%EC%A7%91/place/13485911?placePath=?entry=pll&from=nx&fromNxList=true&searchType=place&c=15.00,0,0,0,dh', 'https://search.pstatic.net/common/?src=https%3A%2F%2Fldb-phinf.pstatic.net%2F20150925_260%2F1443160993484vpa3Y_JPEG%2F166875553329534_1.jpg', '2024-01-05 20:48:27', '2024-01-05 20:48:27'),(67, 17, '불란서와이너리', '불란서와이너리 여기 다녀옴', '#부산 #맛집 #불란서와이너리', 'https://map.naver.com/p/search/%EB%B6%80%EC%82%B0%EB%A7%9B%EC%A7%91/place/1518407317?placePath=?entry=pll&from=nx&fromNxList=true&n_ad_group_type=10&n_query=%EB%B6%80%EC%82%B0%EB%A7%9B%EC%A7%91&searchType=place&c=15.00,0,0,0,dh', 'https://search.pstatic.net/common/?src=https%3A%2F%2Fpup-review-phinf.pstatic.net%2FMjAyMzExMTdfMjk5%2FMDAxNzAwMjI3NDE4ODIy.SFIjDqMxJXFrCX7GILKymLSpI24sMJ3zTLBU67nTpN8g.L_EW1K6mrsjoBBsCWgYyuDgZPUhBqYD4CX8hTInzI0Qg.JPEG%2F20231116_215530.jpg.jpg', '2024-01-05 20:48:27', '2024-01-05 20:48:27'),(68, 18, '서면 한우가', '서면 한우가 여기 다녀옴', '#부산 #맛집 #서면 한우가', 'https://map.naver.com/p/search/%EB%B6%80%EC%82%B0%EB%A7%9B%EC%A7%91/place/1394551203?placePath=?entry=pll&from=nx&fromNxList=true&n_ad_group_type=10&n_query=%EB%B6%80%EC%82%B0%EB%A7%9B%EC%A7%91&searchType=place&c=15.00,0,0,0,dh', 'https://search.pstatic.net/common/?src=https%3A%2F%2Fldb-phinf.pstatic.net%2F20220808_172%2F1659944264846OuFGk_JPEG%2FKakaoTalk_20220808_163041199.jpg', '2024-01-05 20:48:27', '2024-01-05 20:48:27'),(69, 19, '수변최고돼지국밥', '수변최고돼지국밥 여기 다녀옴', '#부산 #맛집 #수변최고돼지국밥', 'https://map.naver.com/p/search/%EB%B6%80%EC%82%B0%EB%A7%9B%EC%A7%91/place/37535404?placePath=?entry=pll&from=nx&fromNxList=true&searchType=place&c=15.00,0,0,0,dh', 'https://search.pstatic.net/common/?src=https%3A%2F%2Fldb-phinf.pstatic.net%2F20230811_244%2F1691732689901mHKm1_JPEG%2F%2528%25C0%25DB%25B0%25D4%2529GER_2075.jpg', '2024-01-05 20:48:27', '2024-01-05 20:48:27'),(70, 20, '대영횟집', '대영횟집 여기 다녀옴', '#부산 #맛집 #대영횟집', 'https://map.naver.com/p/search/%EB%B6%80%EC%82%B0%EB%A7%9B%EC%A7%91/place/1346760331?placePath=?entry=pll&from=nx&fromNxList=true&searchType=place&c=15.00,0,0,0,dh', 'https://search.pstatic.net/common/?src=https%3A%2F%2Fldb-phinf.pstatic.net%2F20230222_48%2F16770717952004zYN9_JPEG%2FJN109473_%25282%2529.jpg', '2024-01-05 20:48:27', '2024-01-05 20:48:27'),(71, 21, '연어하다', '연어하다 여기 다녀옴', '#광주 #맛집 #연어하다', 'https://map.naver.com/p/search/%EA%B4%91%EC%A3%BC%EB%A7%9B%EC%A7%91/place/1431496557?placePath=?entry=pll&from=nx&fromNxList=true&searchType=place&c=15.00,0,0,0,dh', 'https://search.pstatic.net/common/?src=https%3A%2F%2Fldb-phinf.pstatic.net%2F20230813_107%2F1691923651634E96O5_JPEG%2F20230807_115320.jpg', '2024-01-05 20:48:27', '2024-01-05 20:48:27'),(72, 22, '콘타이 보이저', '콘타이 보이저 여기 다녀옴', '#광주 #맛집 #콘타이 보이저', 'https://map.naver.com/p/search/%EA%B4%91%EC%A3%BC%EB%A7%9B%EC%A7%91/place/1812468312?placePath=%3Fentry%3Dpll%26from%3Dnx%26fromNxList%3Dtrue&placeSearchOption=entry%3Dpll%26fromNxList%3Dtrue&searchType=place', 'https://search.pstatic.net/common/?src=https%3A%2F%2Fldb-phinf.pstatic.net%2F20231220_208%2F1703036416625nTMkx_JPEG%2F1216DSC03863-1.jpg', '2024-01-05 20:48:27', '2024-01-05 20:48:27'),(73, 23, '소신식당', '소신식당 여기 다녀옴', '#광주 #맛집 #소신식당', 'https://map.naver.com/p/search/%EA%B4%91%EC%A3%BC%EB%A7%9B%EC%A7%91/place/1575340501?placePath=?entry=pll&from=nx&fromNxList=true&n_ad_group_type=10&n_query=%EA%B4%91%EC%A3%BC%EB%A7%9B%EC%A7%91&searchType=place&c=15.00,0,0,0,dh', 'https://search.pstatic.net/common/?src=https%3A%2F%2Fldb-phinf.pstatic.net%2F20230922_180%2F16953559109104Rruk_PNG%2F%25C1%25A6%25B8%25F1%25C0%25BB_%25C0%25D4%25B7%25C2%25C7%25CF%25BC%25BC%25BF%25E4_%252814%2529.png', '2024-01-05 20:48:27', '2024-01-05 20:48:27'),(74, 24, '초유지', '초유지 여기 다녀옴', '#광주 #맛집 #초유지', 'https://map.naver.com/p/search/%EA%B4%91%EC%A3%BC%EB%A7%9B%EC%A7%91/place/19873407?placePath=?entry=pll&from=nx&fromNxList=true&n_ad_group_type=10&n_query=%EA%B4%91%EC%A3%BC%EB%A7%9B%EC%A7%91&searchType=place&c=15.00,0,0,0,dh', 'https://search.pstatic.net/common/?src=https%3A%2F%2Fldb-phinf.pstatic.net%2F20230214_237%2F1676308288394A98T4_JPEG%2FC5103193-14E1-422A-9619-85FF89FC8B48.jpeg', '2024-01-05 20:48:27', '2024-01-05 20:48:27'),(75, 25, '여간좋은날', '여간좋은날 여기 다녀옴', '#광주 #맛집 #여간좋은날', 'https://map.naver.com/p/search/%EA%B4%91%EC%A3%BC%EB%A7%9B%EC%A7%91/place/1869656073?c=10.00,0,0,0,dh&placePath=%3Fentry%3Dpll', 'https://search.pstatic.net/common/?src=http%3A%2F%2Fblogfiles.naver.net%2FMjAyMzAyMjRfMTc5%2FMDAxNjc3MjQ2OTM3MTI3.7eSFBZVkJrcl0D5aG9-xdnwNX7HPIMNlqz8hT3rTGQAg.EZg3gFkWSvphz72JcND8Jb6ciEIf2uHO0mcRV1GM1ugg.JPEG.rlawlstlf32%2FIMG_8220.JPG&type=sc960_832', '2024-01-05 20:48:27', '2024-01-05 20:48:27'),(141, NULL, '갑자기 왜 오류남 왜,..', 'ㅇㄹㄴㄹ제발..휴..', '#ㅁㄴㅁ', NULL, '/webapp/634f1391-bc64-464a-8caa-1507d04738d3_공부루피.jpg', '2024-02-02 11:08:18', '2024-02-02 11:15:22'),(145, NULL, '다시 잘되는 거 테스트', 'ㅋㅋ수정수정', '#ㅇㅌㅇㅌ', NULL, '/webapp/922b8a13-ef76-4618-ac76-07f8afdd07ce_루피양치.jpg', '2024-02-02 11:25:15', '2024-02-02 11:50:32'),(148, NULL, '민주형', 'ㄴㅇㄹㄴㅇ', '#안녕', NULL, '/webapp/e4c0626d-2daf-4e61-b0ba-ee4545ad13ee_둥절루피.jpg', '2024-02-04 17:26:26', '2024-02-04 17:26:26');
UNLOCK TABLES;
COMMIT;
BEGIN;
LOCK TABLES `ground`.`post_like` WRITE;
DELETE FROM `ground`.`post_like`;
INSERT INTO `ground`.`post_like` (`user_id`,`post_id`,`liked`) VALUES (1, 75, 1);
UNLOCK TABLES;
COMMIT;
BEGIN;
LOCK TABLES `ground`.`reply` WRITE;
DELETE FROM `ground`.`reply`;
UNLOCK TABLES;
COMMIT;
BEGIN;
LOCK TABLES `ground`.`tag` WRITE;
DELETE FROM `ground`.`tag`;
UNLOCK TABLES;
COMMIT;
BEGIN;
LOCK TABLES `ground`.`user` WRITE;
DELETE FROM `ground`.`user`;
INSERT INTO `ground`.`user` (`id`,`bio`,`createDate`,`email`,`gender`,`name`,`password`,`phone`,`updateDate`,`username`,`website`) VALUES (2, '안녕 테스트 ', '2024-02-04', 'choibh5198@gmail.com', '남', '최병훈', '$2a$10$IzT/nyETbxkVbyMl0LDQyeJLd2ap.FbgouxCPUEoVlz17kxCBjqrK', '', '2024-02-04', 'lrlxxrl', 'https:www.lrlxxrl.com');
UNLOCK TABLES;
COMMIT;
